00M,Thigpen ,Bay Springs,MS,USA,31.95376472,-89.23450472
00R,Livingston Municipal,Livingston,TX,USA,30.68586111,-95.01792778
00V,Meadow Lake,Colorado Springs,CO,USA,38.94574889,-104.5698933
01G,Perry-Warsaw,Perry,NY,USA,42.74134667,-78.05208056
OAK,Hilliard Airpark,Hilliard,FL,USA,30.6880125,-81.90594389
OAK,Tishomingo County,Belmont,MS,USA,34.49166667,-88.20111111
OAK,Gragg-Wade ,Clanton,AL,USA,32.85048667,-86.61145333
02C,Capitol,Brookfield,WI,USA,43.08751,-88.17786917
02G,Columbiana County,East Liverpool,OH,USA,40.67331278,-80.64140639
03D,Memphis Memorial,Memphis,MO,USA,40.44725889,-92.22696056
04M,Calhoun County,Pittsboro,MS,USA,33.93011222,-89.34285194
04Y,Hawley Municipal,Hawley,MN,USA,46.88384889,-96.35089861
OAK,Griffith-Merrillville ,Griffith,IN,USA,41.51961917,-87.40109333
OAK,Gatesville - City/County,Gatesville,TX,USA,31.42127556,-97.79696778
05U,Eureka,Eureka,NV,USA,39.60416667,-116.0050597
06A,Moton  Municipal,Tuskegee,AL,USA,32.46047167,-85.68003611
06C,Schaumburg,Chicago/Schaumburg,IL,USA,41.98934083,-88.10124278
06D,Rolla Municipal,Rolla,ND,USA,48.88434111,-99.62087694
06M,Eupora Municipal,Eupora,MS,USA,33.53456583,-89.31256917
06N,Randall ,Middletown,NY,USA,41.43156583,-74.39191722
06U,Jackpot/Hayden ,Jackpot,NV,USA,41.97602222,-114.6580911
07C,Dekalb County,Auburn,IN,USA,41.30716667,-85.06433333
07F,Gladewater Municipal,Gladewater,TX,USA,32.52883861,-94.97174556
07G,Fitch H Beach,Charlotte,MI,USA,42.57450861,-84.81143139
07K,Central City Municipal,Central City,NE,USA,41.11668056,-98.05033639
08A,Wetumpka Municipal,Wetumpka,AL,USA,32.52943944,-86.32822139
08D,Stanley Municipal,Stanley,ND,USA,48.30079861,-102.4063514
08K,Harvard State,Harvard,NE,USA,40.65138528,-98.07978667
08M,Carthage-Leake County,Carthage,MS,USA,32.76124611,-89.53007139
09A,Butler-Choctaw County,Butler,AL,USA,32.11931306,-88.1274625
09J,Jekyll Island,Jekyll Island,GA,USA,31.07447222,-81.42777778
09K,Sargent Municipal,Sargent,NE,USA,41.63695083,-99.34038139
09M,Charleston Municipal,Charleston,MS,USA,33.99150222,-90.078145
09W,South Capitol Street,Washington,DC,USA,38.86872333,-77.00747583
0A3,Smithville Municipal,Smithville,TN,USA,35.98531194,-85.80931806
0A8,Bibb County,Centreville,AL,USA,32.93679056,-87.08888306
0A9,Elizabethton Municipal,Elizabethton,TN,USA,36.37094306,-82.17374111
0AK,Pilot Station,Pilot Station,AK,USA,61.93396417,-162.8929358
0B1,Col. Dyke ,Bethel,ME,USA,44.42506444,-70.80784778
0B4,Hartington Municipal,Hartington,NE,USA,42.60355556,-97.25263889
0B5,Turners Falls,Montague,MA,USA,42.59136361,-72.52275472
0B7,Warren-Sugar Bush,Warren,VT,USA,44.11672722,-72.82705806
0B8,Elizabeth ,Fishers Island,NY,USA,41.25130806,-72.03161139
0C0,Dacy,Chicago/Harvard,IL,USA,42.40418556,-88.63343222
0C4,Pender Municipal,Pender,NE,USA,42.11388722,-96.72892556
0D1,South Haven Municipal,South Haven,MI,USA,42.35083333,-86.25613889
0D8,Gettysburg Municipal,Gettysburg,SD,USA,44.98730556,-99.9535
0.00E+00,Moriarty,Moriarty,NM,USA,34.98560639,-106.0094661
0.00E+00,Crownpoint,Crownpoint,NM,USA,35.71765889,-108.2015961
0F2,Bowie Municipal,Bowie,TX,USA,33.60166667,-97.77556
0F4,Loup City Municipal,Loup City,NE,USA,41.29028694,-98.99064278
0F7,Fountainhead Lodge Airpark,Eufaula,OK,USA,35.38898833,-95.60165111
0F8,William R Pogue Municipal,Sand Springs,OK,USA,36.17528,-96.15181028
0F9,Tishomingo Airpark,Tishomingo,OK,USA,34.19592833,-96.67555694
0G0,North Buffalo Suburban,Lockport,NY,USA,43.10318389,-78.70334583
0G3,Tecumseh Municipal,Tecumseh,NE,USA,40.39944417,-96.17139694
0G6,Williams County,Bryan,OH,USA,41.46736111,-84.50655556
0G7,Finger Lakes Regional,Seneca Falls,NY,USA,42.88062278,-76.78162028
0H1,Trego Wakeeney ,Wakeeney,KS,USA,39.0044525,-99.89289917
0I8,Cynthiana-Harrison County,Cynthiana,KY,USA,38.36674167,-84.28410056
0J0,Abbeville Municipal,Abbeville,AL,USA,31.60016778,-85.23882222
0J4,Florala Municipal,Florala,AL,USA,31.04247361,-86.31156111
0J6,Headland Municipal,Headland,AL,USA,31.364895,-85.30965556
0K7,Humboldt Municipal,Humboldt,IA,USA,42.7360825,-94.24524167
0L5,Goldfield,Goldfield,NV,USA,37.71798833,-117.2384119
0L7,Jean,Jean,NV,USA,35.76827222,-115.3296378
0L9,Echo Bay,Overton,NV,USA,36.31108972,-114.4638672
0M0,Dumas Municipal,Dumas,AR,USA,33.8845475,-91.53429111
0M1,Scott ,Parsons,TN,USA,35.63778,-88.127995
0M4,Benton County,Camden,TN,USA,36.01122694,-88.12328833
0M5,Humphreys County,Waverly,TN,USA,36.11659972,-87.73815889
0M6,Panola County,Batesville,MS,USA,34.36677444,-89.90008917
0M8,Byerley,Lake Providence,LA,USA,32.82587917,-91.187665
0O3,Calaveras Co-Maury Rasmussen ,San Andreas,CA,USA,38.14611639,-120.6481733
0O4,Corning Municipal,Corning,CA,USA,39.94376806,-122.1713781
0O5,University,Davis,CA,USA,38.53146222,-121.7864906
0Q5,Shelter Cove,Shelter Cove,CA,USA,40.02764333,-124.0733639
0Q6,Shingletown,Shingletown,CA,USA,40.52210111,-121.8177683
0R0,Columbia-Marion County,Columbia,MS,USA,31.29700806,-89.81282944
0R1,Atmore Municipal,Atmore,AL,USA,31.01621528,-87.44675972
0R3,Abbeville Chris Crusta Memorial,Abbeville,LA,USA,29.97576083,-92.08415167
0R4,Concordia Parish,Vidalia,LA,USA,31.56683278,-91.50011889
0R5,David G Joyce,Winnfield,LA,USA,31.96366222,-92.66026056
0R7,Red River,Coushatta,LA,USA,31.99071694,-93.30739306
0S7,Dorothy Scott,Oroville,WA,USA,48.958965,-119.4119622
0S9,Jefferson County International,Port Townsend,WA,USA,48.04981361,-122.8012792
0V2,Harriet Alexander ,Salida,CO,USA,38.53916389,-106.0458483
0V3,Pioneer Village ,Minden,NE,USA,40.5149125,-98.94565083
0V4,Brookneal/Campbell County,Brookneal,VA,USA,37.14172222,-79.01638889
0V6,Mission Sioux,Mission,SD,USA,43.30694778,-100.6281936
0V7,Kayenta,Kayenta,AZ,USA,36.70972139,-110.2367978
10C,Galt,Chicago/Greenwood/Wonderlake,IL,USA,42.40266472,-88.37588917
10D,Winsted Municipal,Winsted,MN,USA,44.94996278,-94.0669175
10G,Holmes County,Millersburg,OH,USA,40.53716667,-81.95436111
10N,Wallkill,Wallkill,NY,USA,41.62787111,-74.13375583
10U,Owyhee,Owyhee,NV,USA,41.95323306,-116.1876014
11A,Clayton Municipal,Clayton,AL,USA,31.88329917,-85.48491361
11D,Clarion Cty,Clarion,PA,USA,41.22581222,-79.44098972
11IS,Schaumburg Heliport,Chicago/Schaumburg,IL,USA,42.04808278,-88.05257194
11J,Early County,Blakely,GA,USA,31.39698611,-84.89525694
11R,Brenham Municipal,Brenham,TX,USA,30.219,-96.37427778
12C,Rochelle Municipal,Rochelle,IL,USA,41.89300139,-89.07829
12D,Tower Municipal,Tower,MN,USA,47.81833333,-92.29166667
12J,Brewton Municipal,Brewton,AL,USA,31.05126306,-87.06796833
12K,Superior Municipal,Superior,NE,USA,40.04636111,-98.06011111
12Y,Le Sueur Municipal,Le Sueur,MN,USA,44.43746472,-93.91274083
13C,Lakeview,Lakeview,MI,USA,43.45213722,-85.26480333
13K,Eureka Municipal,Eureka,KS,USA,37.8515825,-96.29169806
13N,Trinca,Andover,NJ,USA,40.96676444,-74.78016556
14J,Carl Folsom,Elba,AL,USA,31.40988861,-86.08883583
14M,Hollandale Municipal,Hollandale,MS,USA,33.18262167,-90.83065444
14Y,Todd Field ,Long Prairie,MN,USA,45.89857556,-94.87391
15F,Haskell Municipal,Haskell,TX,USA,33.19155556,-99.71793056
15J,Cook County,Adel,GA,USA,31.13780556,-83.45308333
15M,Luka ,Luka,MS,USA,34.7723125,-88.16587444
15Z,McCarthy 2,McCarthy,AK,USA,61.43706083,-142.9037372
16A,Nunapitchuk,Nunapitchuk,AK,USA,60.90582833,-162.4391158
16G,Seneca County,Tiffin,OH,USA,41.09405556,-83.2125
16J,Dawson Municipal,Dawson,GA,USA,31.74328472,-84.419285
16S,Myrtle Creek Municipal,Myrtle Creek,OR,USA,42.99845056,-123.3095092
17G,Port Bucyrus-Crawford County,Bucyrus,OH,USA,40.78141667,-82.97469444
17J,Donalsonville Municipal,Donalsonville,GA,USA,31.00694444,-84.87761111
17K,Boise City,Boise City,OK,USA,36.77430028,-102.5104364
17M,Magee Municipal,Magee,MS,USA,31.86127139,-89.80285361
17N,Cross Keys,Cross Keys,NJ,USA,39.70547583,-75.03300306
17Z,Manokotak,Manokotak,AK,USA,58.98896583,-159.0499739
18A,Franklin County,Canon,GA,USA,34.34010472,-83.13348333
18I,McCreary County ,Pine Knot,KY,USA,36.69591306,-84.39160389
19A,Jackson County,Jefferson,GA,USA,34.17402472,-83.56066528
19M,C A Moore,Lexington,MS,USA,33.12546111,-90.02555694
19N,Camden,Berlin,NJ,USA,39.77842056,-74.94780389
19P,Port Protection SPB,Port Protection,AK,USA,56.32880417,-133.6100844
1A3,Martin Campbell ,Copperhill,TN,USA,35.01619111,-84.34631083
1A5,Macon County,Franklin,NC,USA,35.222595,-83.41904389
1A6,Middlesboro-Bell County,Middlesboro,KY,USA,36.6106375,-83.73741611
1A7,Jackson County,Gainesboro,TN,USA,36.39728139,-85.64164278
1A9,Autauga County,Prattville,AL,USA,32.438775,-86.51044778
1B0,Dexter Regional,Dexter,ME,USA,45.00839444,-69.23976722
BWI,Columbia Cty,Hudson,NY,USA,42.29130028,-73.71031944
BWI,Fair Haven,Fair Haven,VT,USA,43.61534389,-73.27455556
1B9,Mansfield Municipal,Mansfield,MA,USA,42.00013306,-71.19677139
1C5,Clow,Chicago/Plainfield,IL,USA,41.69597444,-88.12923056
1D1,Milbank Municipal,Milbank,SD,USA,45.23053806,-96.56596556
1D2,Canton -Plymouth -  Mettetal,Plymouth,MI,USA,42.35003667,-83.45826833
1D3,Platte Municipal,Platte,SD,USA,43.40332833,-98.82952972
1D6,Hector Municipal,Hector,MN,USA,44.73107278,-94.71471333
1D7,Webster Municipal,Webster,SD,USA,45.29329111,-97.51369889
1D8,Redfield Municipal,Redfield,SD,USA,44.86247611,-98.52953972
1F0,Downtown Ardmore,Ardmore,OK,USA,34.14698917,-97.12265194
1F1,Lake Murray State Park,Overbrook,OK,USA,34.07509694,-97.10667917
1F4,Madill Municipal,Madill,OK,USA,34.14040194,-96.81203222
1F9,Bridgeport Municipal,Bridgeport,TX,USA,33.17533333,-97.82838889
1G0,Wood County,Bowling Green,OH,USA,41.391,-83.63013889
1G3,Kent State University,Kent,OH,USA,41.15186167,-81.41658306
1G4,Grand Canyon West,Peach Springs,AZ,USA,35.99221,-113.8166164
1G5,Freedom ,Medina,OH,USA,41.13144444,-81.76491667
1G6,Michael ,Cicero,NY,USA,43.18166667,-76.12777778
1H0,Creve Coeur,St Louis,MO,USA,38.72752,-90.50830417
1H2,Effingham County Memorial,Effingham,IL,USA,39.07045083,-88.53351972
1H3,Linn State Tech. College,Linn,MO,USA,38.47149444,-91.81531667
1H8,Casey Municipal,Casey,IL,USA,39.30250917,-88.00406194
PHX,Freehold,Freehold,NY,USA,42.36425,-74.06596806
PHX,Delphi Municipal,Delphi,IN,USA,40.54281417,-86.68167194
PHX,Tri-County,Bonifay,FL,USA,30.84577778,-85.60138889
PHX,Lindsay Municipal,Lindsay,OK,USA,34.85007333,-97.58642028
PHX,David J. Perry,Goldsby,OK,USA,35.1550675,-97.47039389
1K5,Waynoka Municipal,Waynoka,OK,USA,36.56670028,-98.85231333
1K9,Satanta Municipal,Satanta,KS,USA,37.45419111,-100.9921119
1L0,St. John the Baptist Parish,Reserve,LA,USA,30.08720833,-90.58266528
1L1,Lincoln Co,Panaca,NV,USA,37.78746444,-114.4216567
1L7,Escalante Municipal,Escalante,UT,USA,37.74532639,-111.5701653
1L9,Parowan,Parowan,UT,USA,37.85969694,-112.816055
1M1,North Little Rock Municipal,No Lit Rock,AR,USA,34.83398056,-92.25792778
1M2,Belzoni Municipal,Belzoni,MS,USA,33.14518056,-90.51528472
1M4,Posey ,Haleyville,AL,USA,34.28034806,-87.60044139
1M5,Portland Municipal,Portland,TN,USA,36.59287528,-86.47691028
1M7,Fulton,Fulton,KY,USA,36.52589417,-88.91561611
1MO,Mountain Grove Memorial,Mountain Grove,MO,USA,37.12071889,-92.311245
1N2,Spadaro ,East Moriches,NY,USA,40.82787639,-72.74871083
1N4,Woodbine Muni ,Woodbine,NJ,USA,39.21915,-74.794765
1N7,Blairstown,Blairstown,NJ,USA,40.97114556,-74.99747556
1N9,Allentown Queen City Muni,Allentown,PA,USA,40.57027778,-75.48830556
1ND3,Hamry ,Kindred,ND,USA,46.6485775,-97.00564306
1O1,Grandfield Municipal,Grandfield,OK,USA,34.23758944,-98.74200917
1O2,Lampson ,Lakeport,CA,USA,38.99017472,-122.8997175
1O3,Lodi,Lodi,CA,USA,38.20241667,-121.2684167
1O4,Thomas Municipal,Thomas,OK,USA,35.73338222,-98.73063833
1O6,Dunsmuir Municipal-Mott,Dunsmuir,CA,USA,41.26320889,-122.2719528
1R1,Jena,Jena,LA,USA,31.671005,-92.15846722
1R7,Brookhaven-Lincoln County,Brookhaven,MS,USA,31.6058475,-90.40931583
1R8,Bay Minette Municipal,Bay Minette,AL,USA,30.87046278,-87.81738167
1S0,Pierce County ,Puyallup,WA,USA,47.10391667,-122.2871944
1S3,Tillitt ,Forsyth,MT,USA,46.27110639,-106.6239206
1S5,Sunnyside Municipal,Sunnyside,WA,USA,46.32763139,-119.9705964
1S6,Priest River Muni,Priest River,ID,USA,48.19018611,-116.9093644
1U7,Bear Lake County,Paris,ID,USA,42.24714972,-111.33826
1V0,Navajo State Park ,Navajo Dam,NM,USA,36.80833833,-107.6514444
1V2,Grant County ,Hyannis,NE,USA,42.00942944,-101.7693439
1V5,Boulder Muni,Boulder,CO,USA,40.03942972,-105.2258217
1V6,Fremont County,Canon City,CO,USA,38.42838111,-105.1054994
1V9,Blake ,Delta,CO,USA,38.78539722,-108.0636611
20A,Robbins ,Oneonta,AL,USA,33.97231972,-86.37942722
20M,Macon Municipal,Macon,MS,USA,33.13345889,-88.53559806
20N,Kingston-Ulster,Kingston,NY,USA,41.9852525,-73.96409722
20U,Beach,Beach,ND,USA,46.92362444,-103.9785389
20V,McElroy Airfield,Kremmling,CO,USA,40.05367972,-106.3689467
21D,Lake Elmo,St Paul,MN,USA,44.99748861,-92.85568111
21F,Jacksboro Municipal,Jacksboro,TX,USA,33.228725,-98.14671083
22B,Mountain Meadow Airstrip,Burlington,CT,USA,41.77287528,-73.01121667
22I,Vinton County,McArthur,OH,USA,39.328125,-82.44182167
22M,Pontotoc County,Pontotoc,MS,USA,34.27593833,-89.03839694
22N,Carbon Cty-Jake Arner Memorial,Lehighton,PA,USA,40.80950889,-75.76149639
23J,Herlong,Jacksonville,FL,USA,30.27778889,-81.80594722
23M,Clarke County,Quitman,MS,USA,32.08487111,-88.73893389
23N,Bayport Aerodrome,Bayport,NY,USA,40.75843139,-73.05372083
23R,Devine Municipal,Devine,TX,USA,29.1384075,-98.94189028
24A,Jackson County,Sylva,NC,USA,35.3168625,-83.20936806
24J,Suwannee County,Live Oak,FL,USA,30.30105583,-83.02318778
24N,Jicarilla Apache Nation,Dulce,NM,USA,36.828535,-106.8841914
25J,Cuthbert-Randolph,Cuthbert,GA,USA,31.70016583,-84.82492194
25M,Ripley ,Ripley,MS,USA,34.72226778,-89.01504944
25R,International,Edinburg,TX,USA,26.44201083,-98.12945306
26A,Ashland/Lineville,Ashland/Lineville,AL,USA,33.28761417,-85.80412861
26N,Ocean City Muni cipal,Ocean City,NJ,USA,39.26347222,-74.60747222
26R,Jackson County,Edna/Ganado,TX,USA,29.00101,-96.58194667
26U,McDermitt State,McDermitt,OR,USA,42.00211083,-117.7231972
27A,Elbert County-Patz ,Elberton,GA,USA,34.09519722,-82.81586417
27D,Myers ,Canby,MN,USA,44.72801889,-96.26309972
27J,Newberry Municipal,Newberry,SC,USA,34.30927778,-81.63972222
27K,Georgetown-Scott County,Georgetown,KY,USA,38.23442528,-84.43468667
28J,Kay Larkin,Palatka,FL,USA,29.65863889,-81.68855556
29D,Grove City,Grove City,PA,USA,41.14597611,-80.16592194
29G,Portage County,Ravenna,OH,USA,41.210195,-81.25163083
29S,Gardiner,Gardiner,MT,USA,45.04993556,-110.7466008
2A0,Mark Anton,Dayton,TN,USA,35.48624611,-84.93109722
2A1,Jamestown Municipal,Jamestown,TN,USA,36.34970833,-84.94664472
2A3,Larsen Bay,Larsen Bay,AK,USA,57.53510667,-153.9784169
2A9,Kotlik,Kotlik,AK,USA,63.03116111,-163.5299278
2AK,Lime Village,Lime Village,AK,USA,61.35848528,-155.4403508
2B3,Parlin ,Newport,NH,USA,43.38812944,-72.18925417
2B7,Pittsfield Municipal,Pittsfield,ME,USA,44.76852778,-69.37441667
2B9,Post Mills,Post Mills,VT,USA,43.884235,-72.25370333
2D1,Barber,Alliance,OH,USA,40.97089139,-81.09981889
2D5,Oakes Municipal,Oakes,ND,USA,46.17301972,-98.07987556
2F5,Lamesa Municipal,Lamesa,TX,USA,32.75627778,-101.9194722
2F6,Skiatook Municipal,Skiatook,OK,USA,36.357035,-96.01138556
2F7,Commerce Municipal,Commerce,TX,USA,33.29288889,-95.89641806
2F8,Morehouse Memorial,Bastrop,LA,USA,32.75607944,-91.88057194
2G2,Jefferson County Airpark,Steubenville,OH,USA,40.35944306,-80.70007806
2G3,Connellsville,Connellsville,PA,USA,39.95893667,-79.65713306
2G4,Garrett County,Oakland,MD,USA,39.58027778,-79.33941667
2G9,Somerset County,Somerset,PA,USA,40.03911111,-79.01455556
2H0,Shelby County,Shelbyville,IL,USA,39.41042861,-88.8454325
2H2,Aurora Memorial Municipal,Aurora,MO,USA,36.96230778,-93.69531111
2I0,Madisonville Municipal,Madisonville,KY,USA,37.35502778,-87.39963889
2I5,Chanute,Rantoul,IL,USA,40.29355556,-88.14236111
2IS,Airglades,Clewiston,FL,USA,26.74200972,-81.04978917
2J2,Liberty County,Hinesville,GA,USA,31.78461111,-81.64116667
2J3,Louisville Municipal,Louisville,GA,USA,32.98654083,-82.38568139
2J5,Millen,Millen,GA,USA,32.89376972,-81.96511583
2J9,Quincy Municipal,Quincy,FL,USA,30.59786111,-84.55741667
2K3,Stanton County Municipal,Johnson,KS,USA,37.58271111,-101.73281
2K4,Scott ,Mangum,OK,USA,34.89172583,-99.52675667
2K5,Telida,Telida,AK,USA,63.39387278,-153.2689733
2M0,Princeton-Caldwell County,Princeton,KY,USA,37.11560444,-87.85556944
2M2,Lawrenceburg Municipal,Lawrenceburg,TN,USA,35.2343025,-87.25793222
2M3,Sallisaw Municipal,Sallisaw,OK,USA,35.43816667,-94.80277778
2M4,G. V. Montgomery,Forest,MS,USA,32.35347778,-89.48867944
2M8,Charles W. Baker,Millington,TN,USA,35.27897583,-89.93147611
2O1,Gansner ,Quincy,CA,USA,39.94378056,-120.9468983
2O3,Angwin-Parrett ,Angwin,CA,USA,38.57851778,-122.4352572
2O6,Chowchilla,Chowchilla,CA,USA,37.11244417,-120.2468406
2O7,Independence,Independence,CA,USA,36.81382111,-118.2050956
2O8,Hinton Municipal,Hinton,OK,USA,35.50592472,-98.34236111
2P2,Washington Island,Washington Island,WI,USA,45.38620833,-86.92448056
2Q3,Yolo Co-Davis/Woodland/Winters,Davis/Woodland/Winters,CA,USA,38.5790725,-121.8566322
2R0,Waynesboro Municipal,Waynesboro,MS,USA,31.64599472,-88.63475667
2R4,Peter Prince ,Milton,FL,USA,30.63762083,-86.99365278
2R5,St Elmo,St Elmo,AL,USA,30.50190833,-88.27511667
2R9,Karnes County,Kenedy,TX,USA,28.8250075,-97.86558333
2S1,Vashon Municipal,Vashon,WA,USA,47.45815333,-122.4773506
2S6,Sportsman Airpark,Newberg,OR,USA,45.29567333,-122.9553783
2S7,Chiloquin State,Chiloquin,OR,USA,42.58319167,-121.8761261
2S8,Wilbur,Wilbur,WA,USA,47.75320639,-118.7438936
2T1,Muleshoe Municipal,Muleshoe,TX,USA,34.18513639,-102.6410981
2V1,Stevens ,Pagosa Springs,CO,USA,37.277505,-107.0558742
2V2,Vance Brand,Longmont,CO,USA,40.16367139,-105.1630369
2V5,Wray Municipal,Wray,CO,USA,40.10032333,-102.24096
2V6,Yuma Municipal,Yuma,CO,USA,40.10415306,-102.7129869
2W5,Maryland,Indian Head,MD,USA,38.60053667,-77.07296917
2W6,Captain Walter Francis Duke Regional ,Leonardtown,MD,USA,38.31536111,-76.55011111
2Y3,Yakutat SPB,Yakutat,AK,USA,59.5624775,-139.7410994
2Y4,Rockwell City Municipal,Rockwell City,IA,USA,42.38748056,-94.61803333
31F,Gaines County,Seminole,TX,USA,32.67535389,-102.652685
32M,Norfolk,Norfolk,MA,USA,42.12787528,-71.37033556
32S,Stevensville,Stevensville,MT,USA,46.52511111,-114.0528056
33J,Geneva Municipal,Geneva,AL,USA,31.05527778,-85.88033333
33M,Water Valley ,Water Valley,MS,USA,34.16677639,-89.68619722
33N,Delaware Airpark,Dover,DE,USA,39.21837556,-75.59642667
33S,Pru ,Ritzville,WA,USA,47.12487194,-118.3927539
34A,Laurens County,Laurens,SC,USA,34.50705556,-81.94719444
35A,Union County, Troy Shelton ,Union,SC,USA,34.68680111,-81.64121167
35D,Padgham ,Allegan,MI,USA,42.53098278,-85.82513556
35S,Wasco State,Wasco,OR,USA,45.58944444,-120.6741667
36K,Lakin,Lakin,KS,USA,37.96946389,-101.2554472
36S,Happy Camp,Happy Camp,CA,USA,41.79067944,-123.3889444
36U,Heber City Municipal/Russ McDonald ,Heber,UT,USA,40.48180556,-111.4288056
37T,Calico Rock-Izard County,Calico Rock,AR,USA,36.16565278,-92.14523611
37W,Harnett County,Erwin,NC,USA,35.37880028,-78.73362917
38A,Shaktoolik,Shaktoolik,AK,USA,64.36263194,-161.2025369
38S,Deer Lodge-City-County,Deer Lodge,MT,USA,46.38881583,-112.7669842
38U,Wayne Wonderland,Loa,UT,USA,38.36247972,-111.5960164
39N,Princeton,Princeton,NJ,USA,40.39834833,-74.65760361
3A0,Grove Hill Municipal,Grove Hill,AL,USA,31.68932389,-87.7613875
3A1,Folsom ,Cullman,AL,USA,34.26870833,-86.85833611
3A2,New Tazewell Municipal,Tazewell,TN,USA,36.41008417,-83.55546167
3A3,Anson County,Wadesboro,NC,USA,35.02397611,-80.08127333
3AU,Augusta Municipal,Augusta,KS,USA,37.67162778,-97.07787222
3B0,Southbridge Municipal,Southbridge,MA,USA,42.10092806,-72.03840833
3B1,Greenville Municipal,Greenville,ME,USA,45.46302778,-69.55161111
3B2,Marshfield,Marshfield,MA,USA,42.09824111,-70.67212083
3B9,Chester,Chester,CT,USA,41.38390472,-72.50589444
3BS,Jack Barstow,Midland,MI,USA,43.66291528,-84.261325
3CK,Lake In The Hills,Lake In The Hills,IL,USA,42.20680306,-88.32304028
3CM,James Clements Municipal,Bay City,MI,USA,43.54691667,-83.89550222
3CU,Cable Union,Cable,WI,USA,46.19424889,-91.24640972
3D2,Ephraim/Gibraltar,Ephraim,WI,USA,45.13535778,-87.18586556
3D4,Frankfort Dow Memorial,Frankfort,MI,USA,44.62506389,-86.20061944
3F3,De Soto Parish,Mansfield,LA,USA,32.07345972,-93.76551889
3F4,Vivian,Vivian,LA,USA,32.86133333,-94.01015361
3F7,Jones Memorial,Bristow,OK,USA,35.80685278,-96.42185556
3FM,Fremont Municipal,Fremont,MI,USA,43.43890528,-85.99478
3FU,Faulkton Municipal,Faulkton,SD,USA,45.03191861,-99.11566417
3G3,Wadsworth Municipal,Wadsworth,OH,USA,41.00158222,-81.75513111
3G4,Ashland County,Ashland,OH,USA,40.90297222,-82.25563889
3G7,Williamson/Sodus,Williamson,NY,USA,43.23472222,-77.12097222
3GM,Grand Haven Memorial Airpark,Grand Haven,MI,USA,43.03404639,-86.1981625
3I2,Mason County,Point Pleasant,WV,USA,38.91463889,-82.09858333
3I7,Phillipsburg,Phillipsburg,OH,USA,39.91344194,-84.40030889
3J1,Ridgeland,Ridgeland,SC,USA,32.49268694,-80.99233028
3J7,Greene County Airpark,Greensboro,GA,USA,33.59766667,-83.139
3JC,Freeman ,Junction City,KS,USA,39.04327556,-96.84328694
3K3,Syracuse-Hamilton County Municipal,Syracuse,KS,USA,37.99167972,-101.7462822
3K6,St Louis-Metro East,Troy/Marine/St. Louis,IL,USA,38.73290861,-89.80656722
3K7,Mark Hoard Memorial,Leoti,KS,USA,38.45696333,-101.3532161
3LC,Logan County,Lincoln,IL,USA,40.15847222,-89.33497222
3LF,Litchfield Municipal,Litchfield,IL,USA,39.16635306,-89.67489694
3M7,Lafayette Municipal,Lafayette,TN,USA,36.518375,-86.05828083
3M8,North Pickens ,Reform,AL,USA,33.38900611,-88.00557806
3M9,Warren Municipal,Warren,AR,USA,33.56044333,-92.08538861
3MY,Mt. Hawley Auxiliary,Peoria,IL,USA,40.79525917,-89.6134025
3N6,Old Bridge,Old Bridge,NJ,USA,40.32988667,-74.34678694
3N8,Mahnomen County ,Mahnomen,MN,USA,47.25996056,-95.92809778
3ND0,Northwood Municipal,Northwood,ND,USA,47.72423333,-97.59042222
3O1,Gustine,Gustine,CA,USA,37.26271722,-120.9632586
3O3,Municipal,Purcell,OK,USA,34.97979444,-97.38586167
3O4,Sayre Municipal,Sayre,OK,USA,35.16755222,-99.65787361
3O5,Walters Municipal,Walters,OK,USA,34.37258444,-98.40588583
3O7,Hollister Municipal,Hollister,CA,USA,36.89334528,-121.4102706
3O9,Grand Lake Regional,Afton,OK,USA,36.5775775,-94.86190028
3R0,Beeville Municipal,Beeville,TX,USA,28.36455528,-97.79208194
3R1,Bay City Municipal,Bay City,TX,USA,28.973255,-95.86345528
3R2,Le Gros Memorial,Crowley,LA,USA,30.16173611,-92.48396111
3R4,Hart,Many,LA,USA,31.54489667,-93.48645306
3R7,Jennings,Jennings,LA,USA,30.24269333,-92.67344778
3S4,Illinois Valley,Illinois Valley (Cave Junction),OR,USA,42.10372417,-123.6822911
3S8,Grants Pass,Grants Pass,OR,USA,42.51011722,-123.3879894
3S9,Condon State-Pauling ,Condon,OR,USA,45.24651889,-120.1664233
3SG,Harry W Browne,Saginaw - H.Browne,MI,USA,43.43341028,-83.86245833
3SQ,St Charles,St Charles,MO,USA,38.84866139,-90.50011833
3T3,Boyceville Municipal ,Boyceville,WI,USA,45.042185,-92.0293475
3T5,Fayette Regional Air Center,La Grange,TX,USA,29.90930556,-96.9505
3TR,Jerry Tyler Memorial,Niles,MI,USA,41.83590806,-86.22517611
3U3,Bowman ,Anaconda,MT,USA,46.15313278,-112.86784
3U7,Benchmark,Benchmark,MT,USA,47.48133194,-112.8697678
3U8,Big Sandy,Big Sandy,MT,USA,48.16247972,-110.1132631
3V4,Fort Morgan Municipal,Fort Morgan,CO,USA,40.33423194,-103.8039508
3WO,Shawano Municipal,Shawano,WI,USA,44.78777778,-88.56152444
3Y2,George L Scott Municipal,West Union,IA,USA,42.98508917,-91.79060417
3Y3,Winterset Madison County,Winterset,IA,USA,41.36276778,-94.02106194
3Z9,Haines SPB,Haines,AK,USA,59.23495111,-135.4407181
40J,Perry-Foley,Perry,FL,USA,30.06927778,-83.58058333
40N,Chester Cty-G O Carlson,Coatesville,PA,USA,39.97897222,-75.86547222
40U,Manila,Manila,UT,USA,40.98607,-109.6784811
41U,Manti-Ephraim,Manti,UT,USA,39.32912833,-111.6146397
42A,Melbourne Municipal,Melbourne,AR,USA,36.07079222,-91.82914667
42C,White Cloud,White Cloud,MI,USA,43.55974139,-85.77421944
42J,Keystone Airpark,Keystone Heights,FL,USA,29.84475,-82.04752778
42S,Poplar,Poplar,MT,USA,48.11595861,-105.1821928
43A,Montgomery County,Star,NC,USA,35.38819528,-79.79281667
44B,Dover/Foxcroft,Dover-Foxcroft,ME,USA,45.18338806,-69.2328225
44N,Sky Acres,Millbrook,NY,USA,41.70742861,-73.73802889
45J,Rockingham-Hamlet,Rockingham,NC,USA,34.89107083,-79.75905806
45OH,North Bass Island,North Bass Island,OH,USA,41.71932528,-82.82196917
45R,Kountz - Hawthorne ,Kountze/Silsbee,TX,USA,30.33633806,-94.25754361
46A,Blairsville,Blairsville,GA,USA,34.85508722,-83.996855
46D,Carrington Municipal,Carrington,ND,USA,47.45111111,-99.15111111
46N,Sky Park,Red Hook,NY,USA,41.98458333,-73.83596556
47A,Cherokee County,Canton,GA,USA,34.31058333,-84.42391667
47J,Cheraw Municipal,Cheraw,SC,USA,34.71258333,-79.95794444
47N,Central Jersey Regional,Manville,NJ,USA,40.52438417,-74.59839194
47V,Curtis Municipal,Curtis,NE,USA,40.63750778,-100.4712539
48A,Cochran,Cochran,GA,USA,32.39936111,-83.27591667
48D,Clare Municipal,Clare,MI,USA,43.83111111,-84.74133333
48I,Braxton County,Sutton,WV,USA,38.68704444,-80.65176083
48K,Ness City Municipal,Ness City,KS,USA,38.47110278,-99.90806667
48S,Harlem,Harlem,MT,USA,48.56666472,-108.7729339
48V,Tri-County,Erie,CO,USA,40.010225,-105.047975
49A,Gilmer County,Ellijay,GA,USA,34.62786417,-84.52492889
49T,Downtown Heliport,Dallas,TX,USA,32.77333333,-96.80027778
49X,Chemehuevi Valley,Chemehuevi Valley,CA,USA,34.52751083,-114.4310697
49Y,Fillmore County,Preston,MN,USA,43.67676,-92.17973444
4A2,Atmautluak,Atmautluak,AK,USA,60.86674556,-162.2731389
4A4,Cornelius-Moore ,Cedartown,GA,USA,34.01869444,-85.14647222
4A5,Marshall-Searcy County,Marshall,AR,USA,35.89893667,-92.65588611
4A6,Scottsboro Municipal,Scottsboro,AL,USA,34.68897278,-86.0058125
4A7,Clayton County,Hampton,GA,USA,33.38911111,-84.33236111
4A9,Isbell ,Fort Payne,AL,USA,34.4728925,-85.72221722
4B0,South Albany,South Bethlehem,NY,USA,42.56072611,-73.83395639
4B1,Duanesburg,Duanesburg,NY,USA,42.75840889,-74.13290472
4B6,Ticonderoga Muni,Ticonderoga,NY,USA,43.87700278,-73.41317639
4B7,Schroon Lake,Schroon Lake,NY,USA,43.86256083,-73.74262972
4B8,Robertson ,Plainville,CT,USA,41.69037667,-72.8648225
4B9,Simsbury Tri-Town,Simsbury,CT,USA,41.91676389,-72.77731778
4C8,Albia Municipal,Albia,IA,USA,40.99445361,-92.76297194
4D0,Abrams Municipal,Grandledge,MI,USA,42.77420167,-84.73309806
4D9,Alma Municipal,Alma,NE,USA,40.11389972,-99.34565306
4F2,Panola County-Sharpe ,Carthage,TX,USA,32.17608333,-94.29880556
4F4,Gilmer-Upshur County,Gilmer,TX,USA,32.699,-94.94886111
4G1,Greenville Muni,Greenville,PA,USA,41.44683167,-80.39126167
4G2,Hamburg Inc.,Hamburg,NY,USA,42.7008925,-78.91475694
4G5,Monroe County,Woodsfield,OH,USA,39.77904472,-81.10277222
4G6,Hornell Muni,Hornell,NY,USA,42.38214444,-77.6821125
4G7,Fairmont Muni,Fairmont,WV,USA,39.44816667,-80.16702778
4I0,Mingo County,Williamson,WV,USA,37.68760139,-82.26097306
4I3,Knox County,Mount Vernon,OH,USA,40.32872222,-82.52377778
4I7,Putnam County,Greencastle,IN,USA,39.63359556,-86.8138325
4I9,Morrow County,Mt. Gilead,OH,USA,40.52452778,-82.85005556
4J1,Brantley County,Nahunta,GA,USA,31.21272417,-81.90539083
4J2,Berrien County,Nashville,GA,USA,31.21255556,-83.22627778
4J5,Quitman-Brooks County,Quitman,GA,USA,30.80575139,-83.58654889
4J6,St Marys,St Marys,GA,USA,30.75468028,-81.55731917
4K0,Pedro Bay,Pedro Bay,AK,USA,59.78960972,-154.1238331
4K5,Ouzinkie,Ouzinkie,AK,USA,57.92287611,-152.5005111
4K6,Bloomfield Municipal,Bloomfield,IA,USA,40.73210556,-92.42826889
4KA,Tununak,Tununak,AK,USA,60.57559667,-165.2731272
4M1,Carroll County,Berryville,AR,USA,36.38340333,-93.61685667
4M3,Carlisle Municipal,Carlisle,AR,USA,34.80823,-91.71205083
4M4,Clinton Municipal,Clinton,AR,USA,35.59785528,-92.45182472
4M7,Russellville-Logan County,Russellville,KY,USA,36.79991667,-86.81016667
4M8,Clarendon Municipal,Clarendon,AR,USA,34.64870694,-91.39457111
4M9,Corning Municipal,Corning,AR,USA,36.40423139,-90.64792639
4N1,Greenwood Lake,West Milford,NJ,USA,41.12854806,-74.34584611
4O3,Blackwell-Tonkawa Municipal,Blackwell-Tonkawa,OK,USA,36.74511583,-97.34959972
4O4,McCurtain County Regional,Idabel,OK,USA,33.909325,-94.85835278
4O5,Cherokee Municipal,Cherokee,OK,USA,36.78336306,-98.35035083
4PH,Polacca,Polacca,AZ,USA,35.79167222,-110.4234653
4R1,I H Bass Jr Memorial,Lumberton,MS,USA,31.01546028,-89.48256556
4R3,Jackson Municipal,Jackson,AL,USA,31.47210861,-87.89472083
4R4,Fairhope Municipal,Fairhope,AL,USA,30.4621125,-87.87801972
4R5,Madeline Island,La Pointe,WI,USA,46.78865556,-90.75866944
4R7,Eunice,Eunice,LA,USA,30.46628389,-92.42379917
4R9,Dauphin Island,Dauphin Island,AL,USA,30.26048083,-88.12749972
4S1,Gold Beach Muni,Gold Beach,OR,USA,42.41344444,-124.4242742
4S2,Hood River,Hood River,OR,USA,45.67261833,-121.5364625
4S3,Joseph State,Joseph,OR,USA,45.35709583,-117.2532244
4S9,Portland-Mulino,Mulino (Portland),OR,USA,45.21632417,-122.5900839
4SD,Reno/Stead,Reno,NV,USA,39.66738111,-119.8754169
4T6,Mid-Way,Midlothian-Waxahachie,TX,USA,32.45609722,-96.91240972
4U3,Liberty County,Chester,MT,USA,48.51072222,-110.9908639
4U6,Circle Town County,Circle,MT,USA,47.41861972,-105.5619431
4V0,Rangely,Rangely,CO,USA,40.09469917,-108.7612172
4V1,Johnson ,Walsenburg,CO,USA,37.69640056,-104.7838747
4V9,Antelope County,Neligh,NE,USA,42.11222889,-98.0386775
4W1,Elizabethtown Municipal,Elizabethtown,NC,USA,34.60183722,-78.57973306
4Z4,Holy Cross,Holy Cross,AK,USA,62.18829583,-159.7749503
4Z7,Hyder SPB,Hyder,AK,USA,55.90331972,-130.0067031
50I,Kentland Municipal,Kentland,IN,USA,40.75873222,-87.42821917
50J,Berkeley County,Moncks Corner,SC,USA,33.18605556,-80.03563889
50K,Pawnee City Municipal,Pawnee City,NE,USA,40.11611111,-96.19445278
50R,Lockhart Municipal,Lockhart,TX,USA,29.85033333,-97.67241667
51D,Edgeley Municipal ,Edgeley,ND,USA,46.34858333,-98.73555556
51Z,Minto (New),Minto,AK,USA,65.14370889,-149.3699647
52A,Madison Municipal,Madison,GA,USA,33.61212528,-83.46044333
52E,Timberon ,Timberon,NM,USA,32.63388889,-105.6863889
52J,Lee County,Bishopville,SC,USA,34.24459889,-80.23729333
53A,Dr. C.P. Savage, Sr.,Montezuma,GA,USA,32.302,-84.00747222
53K,Osage City Municipal,Osage City,KS,USA,38.63334222,-95.80859806
54J,Defuniak Springs,Defuniak Springs,FL,USA,30.7313,-86.15160833
55D,Grayling Army Airfield,Grayling,MI,USA,44.68032028,-84.72886278
55J,Fernandina Beach Municipal,Fernandina Beach,FL,USA,30.61170083,-81.462345
55S,Packwood,Packwood,WA,USA,46.60400083,-121.6778664
56D,Wyandot County,Upper Sandusky,OH,USA,40.88336139,-83.3145325
56M,Warsaw Municipal,Warsaw,MO,USA,38.34688889,-93.345425
56S,Seaside Municipal,Seaside,OR,USA,46.01649694,-123.9054167
57B,Islesboro,Islesboro,ME,USA,44.30285556,-68.91058722
57C,East Troy Municipal,East Troy,WI,USA,42.79711111,-88.3725
59B,Newton ,Jackman,ME,USA,45.63199111,-70.24728944
5A4,Okolona Mun.-Richard M. Stovall ,Okolona,MS,USA,34.01580528,-88.72618944
5A6,Winona-Montgomery County,Winona,MS,USA,33.46540139,-89.72924806
5A8,Aleknagik,Aleknagik,AK,USA,59.28256167,-158.6176725
5A9,Roosevelt Memorial,Warm Springs,GA,USA,32.93346222,-84.68881639
5B2,Saratoga Cty,Saratoga Springs,NY,USA,43.05126111,-73.86119444
5B3,Danielson,Danielson,CT,USA,41.81974056,-71.90096306
5B7,Rensselaer Air Park,Troy,NY,USA,42.69091194,-73.57956
5CD,Chandalar Shelf,Chandalar Camp,AK,USA,68.06543944,-149.5797392
5D3,Owosso Community,Owosso,MI,USA,42.99297222,-84.1389125
5F1,Post-Garza County Municipal,Post,TX,USA,33.20370556,-101.340415
5F4,Homer Municipal,Homer,LA,USA,32.78850806,-93.00366083
5G0,Leroy ,Le Roy,NY,USA,42.98136667,-77.93751389
5G7,Bluffton,Bluffton,OH,USA,40.88544444,-83.86863889
5G8,Pittsburgh Boquet Airpark,Jeanette,PA,USA,40.37645722,-79.60837583
5G9,Toledo Suburban,Lambertville,MI,USA,41.7358775,-83.65541056
5HO,Hope,Hope,AK,USA,60.90415028,-149.6238389
5I4,Sheridan,Sheridan,IN,USA,40.17792583,-86.21729889
5J0,John Day State,John Day,OR,USA,44.40416667,-118.9625
5J9,Twin City,Loris,SC,USA,34.08848361,-78.86462028
5K2,Tribune Municipal,Tribune,KS,USA,38.45418222,-101.7462828
5M0,Rountree ,Hartselle,AL,USA,34.40823444,-86.93295056
5M1,De Witt Municipal,De Witt,AR,USA,34.2626,-91.30984194
5M4,Fordyce Municipal,Fordyce,AR,USA,33.84593722,-92.36542861
5M9,Marion-Crittenden County,Marion,KY,USA,37.33616222,-88.11113611
5N8,Casselton Regional,Casselton,ND,USA,46.85469528,-97.20870028
5ND6,Hillsboro Municipal,Hillsboro,ND,USA,47.35940778,-97.06041639
5NI,Nikolai,Nikolai,AK,USA,63.0174475,-154.3639608
5NK,Naknek,Naknek,AK,USA,58.73288056,-157.0199197
5NN,Nondalton,Nondalton,AK,USA,59.97904306,-154.8396944
5R3,Rusty Allen ,Lago Vista,TX,USA,30.498585,-97.96947222
5R4,Foley Municipal,Foley,AL,USA,30.42769722,-87.70082
5R5,Wharton Municipal,Wharton,TX,USA,29.25427778,-96.15438889
5R8,De Quincy Industrial Airpark,De Quincy,LA,USA,30.44117222,-93.47349722
5S8,St. Michael,St. Michael,AK,USA,63.49005056,-162.1103692
5T5,Hillsboro Municipal,Hillsboro,TX,USA,32.08348611,-97.09722722
5T6,Dona Ana County  At Santa Teresa,Santa Teresa,NM,USA,31.88098556,-106.7048131
5T9,Maverick County Meml Intl,Eagle Pass,TX,USA,28.85719361,-100.5122997
5TE,Tetlin,Tetlin,AK,USA,63.13382361,-142.5219339
5U3,Ennis - Big Sky,Ennis,MT,USA,45.27175833,-111.6486389
5U8,Geraldine,Geraldine,MT,USA,47.59664,-110.2660367
5V5,Shiprock Airstrip,Shiprock,NM,USA,36.6977775,-108.7011986
5V8,Kadoka Municipal,Kadoka,SD,USA,43.83332611,-101.4970881
5W8,Siler City Municipal,Siler City,NC,USA,35.7029175,-79.50529972
5Z1,Juneau Harbor,Juneau,AK,USA,58.29888889,-134.4077778
5Z5,Kantishna,Kantishna,AK,USA,63.54171472,-150.9939547
60F,Seymour Municipal,Seymour,TX,USA,33.64870417,-99.26063056
60J,Ocean Isle,Ocean Isle Beach,NC,USA,33.90850556,-78.43667222
61A,Camden Municipal,Camden,AL,USA,31.97987056,-87.33888056
61B,Boulder City Municipal,Boulder City,NV,USA,35.94748028,-114.8610967
61C,Fort Atkinson Municipal,Fort Atkinson,WI,USA,42.96320278,-88.81762806
61J,Portland Downtown Heliport,Portland,OR,USA,45.52527778,-122.6709289
61S,Cottage Grove State,Cottage Grove,OR,USA,43.79984528,-123.0289678
62D,Warren,Warren,OH,USA,41.26672278,-80.92897778
62H,Giddings-Lee County,Giddings,TX,USA,30.16927167,-96.98001083
62S,Christmas Valley,Christmas Valley,OR,USA,43.23653139,-120.6660967
63A,Lloyd R. Roundtree Seaplane Facility,Petersburg,AK,USA,56.81131972,-132.9600567
63C,Adams County Legion ,Adams/Friendship,WI,USA,43.96117222,-89.78804889
63S,Colville Municipal,Colville,WA,USA,48.54156944,-117.8844247
65J,Wrens Memorial,Wrens,GA,USA,33.222645,-82.38373611
65S,Boundary County,Bonners Ferry,ID,USA,48.72632639,-116.2954761
66D,Sturgis Municipal,Sturgis,SD,USA,44.41761111,-103.3747778
67L,Mesquite,Mesquite,NV,USA,36.83497556,-114.0552453
68A,Wrangell SPB,Wrangell,AK,USA,56.466325,-132.3800181
68S,Davenport,Davenport,WA,USA,47.65404528,-118.1677519
6A1,Butler Municipal,Butler,GA,USA,32.56736694,-84.25074833
6A2,Griffin-Spaulding County ,Griffin,GA,USA,33.22697222,-84.27494444
6A3,Andrews-Murphy,Andrews,NC,USA,35.19453167,-83.86490194
6A4,Johnson County,Mountain City,TN,USA,36.41789833,-81.82511528
6A8,Allakaket,Allakaket,AK,USA,66.55194444,-152.6222222
6B0,Middlebury State,Middlebury,VT,USA,43.98478278,-73.09594889
6B4,Frankfort-Highland,Utica/Frankfort,NY,USA,43.02090306,-75.17043861
6B6,Minute Man Airfield,Stow,MA,USA,42.46045361,-71.51791444
6B8,Caledonia County State,Lyndonville,VT,USA,44.56911417,-72.01797889
6B9,Skaneateles Aero Drome,Skaneateles,NY,USA,42.91395583,-76.44076889
6D6,Greenville Municipal,Greenville,MI,USA,43.14228139,-85.25380722
6D8,Barnes County Municipal,Valley City,ND,USA,46.94100778,-98.01762611
6F1,Talihina Municipal,Talihina,OK,USA,34.70777139,-95.07378583
6G1,Titusville,Titusville,PA,USA,41.60880861,-79.74133111
6G5,Barnesville - Bradfield,Barnesville,OH,USA,40.00243139,-81.19183
6I2,Lebanon-Springfield,Springfield,KY,USA,37.63355556,-85.24216667
6J0,Corporate,Pelion,SC,USA,33.79463889,-81.24586111
6J2,St George,St George,SC,USA,33.1955,-80.50847222
6J4,Saluda County,Saluda,SC,USA,33.92680111,-81.79455306
6K3,Creighton Municipal,Creighton,NE,USA,42.47083694,-97.88367778
6K4,Fairview Municipal,Fairview,OK,USA,36.29014667,-98.47582833
6K8,Tok Junction,Tok,AK,USA,63.32881806,-142.9536194
6L4,Logan County,Logan,WV,USA,37.85567778,-81.91589722
6M2,Horseshoe Bend,Horseshoe Bend,AR,USA,36.21673389,-91.75014556
6M6,Lewis County Regional,Monticello,MO,USA,40.12916667,-91.67833333
6M7,Lee County-Marianna,Marianna,AR,USA,34.78027778,-90.81055556
6M8,Marked Tree Municipal,Marked Tree,AR,USA,35.53341472,-90.40149028
6N5,E 34th St Heliport,New York,NY,USA,40.74260167,-73.97208306
6N7,New York Skyports Inc. SPB,New York,NY,USA,40.73399083,-73.97291639
6N8,Thomas County ,Thedford,NE,USA,41.96217028,-100.5690139
6R3,Cleveland Municipal,Cleveland,TX,USA,30.35643,-95.00801472
6R7,Old Harbor (New),Old Harbor,AK,USA,57.21810306,-153.2697494
6R9,Llano Municipal,Llano,TX,USA,30.78450278,-98.66025083
6S0,Big Timber,Big Timber,MT,USA,45.80638889,-109.9811111
6S2,Florence Muni,Florence,OR,USA,43.97901,-124.1095631
6S3,Columbus,Columbus,MT,USA,45.6291075,-109.2507167
6S5,Ravalli County,Hamilton,MT,USA,46.25149444,-114.1255403
6S8,Laurel Municipal,Laurel,MT,USA,45.70308833,-108.7610886
6V0,Edgemont Municipal,Edgemont,SD,USA,43.29525056,-103.8435325
6V3,Tazewell County,Richlands,VA,USA,37.06374667,-81.79826944
6V4,Wall Municipal,Wall,SD,USA,43.99498861,-102.2504367
6V6,Hopkins ,Nucla,CO,USA,38.23879833,-108.5632597
70J,Cairo-Grady County,Cairo,GA,USA,30.88797667,-84.15473528
71J,Blackwell ,Ozark,AL,USA,31.43113889,-85.61922222
72S,Rosalia Municipal,Rosalia,WA,USA,47.23683778,-117.4210244
73C,Lancaster,Lancaster,WI,USA,42.78054722,-90.68096028
73J,Beaufort County,Beaufort,SC,USA,32.4121375,-80.63455083
74D,Marshall Cty,Moundsville,WV,USA,39.88083333,-80.73577778
74S,Anacortes,Anacortes,WA,USA,48.4989925,-122.6623956
74V,Roosevelt Municipal,Roosevelt,UT,USA,40.27829167,-110.0512619
75J,Turner County,Ashburn,GA,USA,31.68545833,-83.63211194
76G,Marine City,Marine City,MI,USA,42.72086583,-82.59574694
77G,Marlette Township,Marlette,MI,USA,43.31183,-83.09091444
77S,Hobby ,Creswell,OR,USA,43.93206889,-123.0067483
78D,Caro Municipal,Caro,MI,USA,43.45908333,-83.44522222
79D,Philippi-Barbour County Regional,Philippi,WV,USA,39.16620778,-80.06258056
79J,Andalusia,Andalusia,AL,USA,31.30875278,-86.39376083
79S,Fort Benton,Fort Benton,MT,USA,47.84583333,-110.6336111
7A0,Greensboro Municipal,Greensboro,AL,USA,32.68147222,-87.66208333
7A2,Demopolis Municipal,Demopolis,AL,USA,32.46381944,-87.95406389
7A3,Lanett Municipal,Lanett,AL,USA,32.81204611,-85.22958111
7A5,Roanoke Municipal,Roanoke,AL,USA,33.12928722,-85.366615
7A8,Avery County/Morrison ,Spruce Pine,NC,USA,35.94457028,-81.99566944
7B2,La Fleur,Northampton,MA,USA,42.32816806,-72.61151667
7D2,Troy-Oakland,Troy,MI,USA,42.54294389,-83.17790861
7F3,Caddo Mills Municipal,Caddo Mills,TX,USA,33.03622222,-96.24313889
7F6,Clarksville-Red River County,Clarksville,TX,USA,33.59316472,-95.06355528
7F7,Clifton Municipal,Clifton,TX,USA,31.81682333,-97.56696361
7F9,Comanche County-City,Comanche,TX,USA,31.91681306,-98.600325
7G0,Ledgedale Airpark,Brockport,NY,USA,43.18118194,-77.91362333
7G8,Geauga County,Middlefield,OH,USA,41.44960972,-81.06292972
7I7,Bellefontaine Municipal,Bellefontaine,OH,USA,40.41208333,-83.73686111
7K0,Pike County-Hatcher ,Pikeville,KY,USA,37.56173889,-82.56660694
MDW,Skagway SPB,Skagway,AK,USA,59.44689528,-135.3226633
MDW,Ohio County ,Hartford,KY,USA,37.45832417,-86.84995194
MDW,Martin ,South Sioux City,NE,USA,42.45416111,-96.47253111
MDW,Tatitlek,Tatitlek,AK,USA,60.86890528,-146.6864653
MDW,McGehee Municipal,McGehee,AR,USA,33.62022111,-91.36484056
MDW,Bearce,Mount Ida,AR,USA,34.52926056,-93.52713472
MDW,Osceola Municipal,Osceola,AR,USA,35.69114639,-90.01012028
7M5,Ozark-Franklin County,Ozark,AR,USA,35.51069583,-93.8393075
7M7,Piggott Municipal,Piggott,AR,USA,36.37820556,-90.16624167
7N0,New Orleans Downtown Heliport,New Orleans,LA,USA,29.95194444,-90.08166667
7N1,Corning-Painted Post,Corning,NY,USA,42.17590722,-77.11219278
7N7,Spitfire Aerodrome,Pedrictown,NJ,USA,39.73556333,-75.39772111
7S0,Ronan,Ronan,MT,USA,47.57076861,-114.0967783
7S1,Twin Bridges,Twin Bridges,MT,USA,45.53325917,-112.3091656
7S5,Independence State,Independence,OR,USA,44.86676444,-123.1982475
7S6,White Sulphur Springs,White Sulphur Springs,MT,USA,46.50410722,-110.9132667
7S7,Valier,Valier,MT,USA,48.29997583,-112.2508711
7V1,Buena Vista Muni,Buena Vista,CO,USA,38.81416194,-106.1206939
7V7,Red Cloud Municipal,Red Cloud,NE,USA,40.08473556,-98.54061694
7W6,Hyde County,Englehard,NC,USA,35.5623925,-75.95518417
80F,Antlers Municipal,Antlers,OK,USA,34.19260083,-95.64985889
81B,Oxford County Regional,Norway,ME,USA,44.15742611,-70.48129583
82C,Mauston-New Lisbon Union,New Lisbon,WI,USA,43.83872167,-90.13768389
82V,Pine Bluffs Municipal,Pine Bluffs,WY,USA,41.15331528,-104.1302292
83D,Mackinac County,St Ignace,MI,USA,45.89029056,-84.73755083
84D,Cheyenne Eagle Butte,Eagle Butte,SD,USA,44.984375,-101.2510417
84K,Meyers Chuck SPB,Meyers Chuck,AK,USA,55.73963611,-132.2550183
84R,Smithville Municipal,Smithville,TX,USA,30.03048028,-97.16687194
85V,Ganado,Ganado,AZ,USA,35.70140278,-109.5103814
86F,Carnegie Municipal,Carnegie,OK,USA,35.12061417,-98.5806175
87I,Yazoo County,Yazoo City,MS,USA,32.883215,-90.4636475
87Y,Blackhawk Airfield,Madison,WI,USA,43.10491444,-89.18553833
88C,Palmyra Municipal,Palmyra,WI,USA,42.88355556,-88.59743056
88J,Allendale County,Allendale,SC,USA,32.99512944,-81.27024583
88M,Eureka,Eureka,MT,USA,48.96885444,-115.0704464
89D,Kelleys Island Land ,Kelleys Island,OH,USA,41.60282583,-82.684625
8A0,Albertville Municipal ,Albertville,AL,USA,34.22910972,-86.25575806
8A1,Guntersville Municipal,Guntersville,AL,USA,34.39944167,-86.27016111
8A3,Livingston Municipal,Livingston,TN,USA,36.41217389,-85.31154861
8B0,Rangeley Municipal,Rangeley,ME,USA,44.991895,-70.66462472
8D1,New Holstein Municipal,New Holstein,WI,USA,43.94424111,-88.1134775
8D3,Sisseton Municipal,Sisseton,SD,USA,45.67079278,-96.99619167
8D4,Sparta,Sparta,MI,USA,43.12860833,-85.67689778
8D7,Clark County,Clark,SD,USA,44.89570278,-97.71191361
8D9,Howard Municipal,Howard,SD,USA,44.02914056,-97.53784778
8F7,Decatur Municipal,Decatur,TX,USA,33.25463889,-97.58055556
8G2,Lawrence,Corry,PA,USA,41.90755611,-79.64105083
8G6,Harrison County,Cadiz,OH,USA,40.23820667,-81.01256917
8G7,Zelienople,Zelienople,PA,USA,40.80161944,-80.16072889
8K8,Cimarron Municipal,Cimarron,KS,USA,37.83057667,-100.3504222
8K9,Murphys Pullout SPB,Ketchikan,AK,USA,55.38965028,-131.7380742
8M1,Booneville-Baldwyn,Booneville,MS,USA,34.58981806,-88.64699861
8S1,Polson,Polson,MT,USA,47.69543861,-114.1851178
8S2,Cashmere-Dryden,Cashmere,WA,USA,47.51484611,-120.4848025
8S5,East Cooper,Mt Pleasant,SC,USA,32.89783333,-79.78286111
8U6,Terry,Terry,MT,USA,46.77917333,-105.3047083
8U8,Townsend,Townsend,MT,USA,46.33111111,-111.4813889
8V2,Stuart-Atkinson Municipal,Atkinson,NE,USA,42.56250167,-99.03787611
8Y2,Buffalo Municipal,Buffalo,MN,USA,45.15904694,-93.84330361
91C,Sauk - Prairie,Prairie Du Sac,WI,USA,43.2969325,-89.75595639
91F,Arrowhead,Canadian,OK,USA,35.15426444,-95.62026389
93B,Stonington,Stonington,ME,USA,44.17508056,-68.67863722
93C,Richland,Richland Center,WI,USA,43.28333333,-90.29827778
93F,Mignon Laird Municipal,Cheyenne,OK,USA,35.60393694,-99.70343889
93Y,David City Municipal,David City,NE,USA,41.23334583,-97.11698111
94K,Cassville Municipal,Cassville,MO,USA,36.69741667,-93.90052778
95F,Cleveland Municipal,Cleveland,OK,USA,36.28340306,-96.46418833
96D,Walhalla Municipal,Walhalla,ND,USA,48.94057222,-97.902775
96Z,North Whale SPB,North Whale Pass,AK,USA,56.11631056,-133.1217153
97M,Ekalaka,Ekalaka,MT,USA,45.87791444,-104.5375072
98D,Onida Municipal,Onida,SD,USA,44.70414917,-100.1087353
99N,Bamburg County,Bamburg,SC,USA,33.30515528,-81.10898917
99Y,Greeley Municipal,Greeley,NE,USA,41.55834528,-98.54618528
9A1,Covington Municipal,Covington,GA,USA,33.6324825,-83.84955806
9A3,Chuathbaluk,Chuathbaluk,AK,USA,61.58317306,-159.2359667
9A4,Lawrence County ,Courtland,AL,USA,34.65938889,-87.34883333
9A5,Barwick-LaFayette ,LaFayette,GA,USA,34.68896917,-85.29023333
9A6,Chester Municipal,Chester,SC,USA,34.78933333,-81.19577778
9A8,Ugashik,Ugashik,AK,USA,57.5278675,-157.3993056
9C8,Evart Municipal,Evart,MI,USA,43.8958525,-85.27920861
9D0,Highmore Municipal,Highmore,SD,USA,44.54165056,-99.44622306
9D1,Gregory Municipal,Gregory,SD,USA,43.22174722,-99.4033
9D2,Harding County,Buffalo,SD,USA,45.58055222,-103.5296356
9D7,Cando Municipal,Cando,ND,USA,48.4841675,-99.23680389
9D9,Hastings Municipal,Hastings,MI,USA,42.66361778,-85.34625944
9G0,Buffalo Airfield,Buffalo,NY,USA,42.86200306,-78.71658528
9G1,West Penn,Tarentum,PA,USA,40.60423333,-79.82060611
9G3,Akron,Akron,NY,USA,43.02108667,-78.48296778
9G5,Royalton,Gasport,NY,USA,43.18200222,-78.55780528
9G8,Ebensburg,Ebensburg,PA,USA,40.46121083,-78.77524389
9I0,Havana Regional,Havana,IL,USA,40.221155,-90.02289361
9I3,West Liberty,West Liberty,KY,USA,37.91453139,-83.25212111
9K2,Kokhanok,Kokhanok,AK,USA,59.43264556,-154.8027058
9K4,Skyhaven,Warrensburg,MO,USA,38.7842425,-93.80285417
9K7,Ellsworth Municipal ,Ellsworth,KS,USA,38.74750889,-98.23061222
9K8,Kingman Municipal,Kingman,KS,USA,37.66660278,-98.12264722
9M4,Ackerman-Choctaw County,Ackerman,MS,USA,33.3034575,-89.22840028
9M6,Kelly,Oak Grove,LA,USA,32.84921361,-91.40390611
9M8,Sheridan-Grant County Regional,Sheridan,AR,USA,34.32842917,-92.35098583
9S2,Scobey,Scobey,MT,USA,48.80772722,-105.43947
9S4,Mineral County,Superior,MT,USA,47.16825944,-114.8537411
9S5,Three Forks,Three Forks,MT,USA,45.87852778,-111.5691389
9S7,Winifred,Winifred,MT,USA,47.55164778,-109.3776792
9S9,Lexington,Lexington,OR,USA,45.45263139,-119.6886361
9U0,Turner,Turner,MT,USA,48.85417361,-108.4090214
9U3,Austin,Austin,NV,USA,39.46798056,-117.1953703
9U4,Dixon,Dixon,WY,USA,41.03829806,-107.4972869
9V5,Modisett ,Rushville,NE,USA,42.73748639,-102.4448947
9V6,Martin Municipal,Martin,SD,USA,43.16564083,-101.7126953
9V9,Chamberlain Municipal,Chamberlain,SD,USA,43.76612222,-99.32134
9W7,Currituck County,Currituck,NC,USA,36.39893194,-76.01631111
A04,Centre Municipal,Centre,AL,USA,34.15987361,-85.63512944
A14,Portage Creek,Portage Creek,AK,USA,58.906485,-157.7141078
A29,Sitka SPB,Sitka,AK,USA,57.05213778,-135.3462086
A30,Scott Valley,Fort Jones,CA,USA,41.55819444,-122.8553103
A32,Butte Valley,Dorris,CA,USA,41.88709222,-121.9755614
A61,Tuntutuliak,Tuntutuliak,AK,USA,60.33534556,-162.6670094
A63,Twin Hills,Twin Hills,AK,USA,59.07562167,-160.2730436
A79,Chignik Lake,Chignik Lake,AK,USA,56.25504722,-158.7753614
A85,Kwigillingok,Kwigillingok,AK,USA,59.87644778,-163.1675583
AAF,Apalachicola Municipal,Apalachicola,FL,USA,29.72754583,-85.02744778
AAO,Colonel James Jabara,Wichita,KS,USA,37.74755556,-97.22113889
AAS,Taylor County,Cambellsville,KY,USA,37.35827778,-85.30941667
AAT,Alturas Municipal,Alturas,CA,USA,41.483,-120.5653611
ABE,Lehigh Valley International,Allentown,PA,USA,40.65236278,-75.44040167
ABI,Abilene Regional,Abilene,TX,USA,32.41132,-99.68189722
ABO,Antonio (Nery) Juarbe Pol,Arecibo,PR,USA,18.45111111,-66.67555556
ABQ,Albuquerque International,Albuquerque,NM,USA,35.04022222,-106.6091944
ABR,Aberdeen Regional,Aberdeen,SD,USA,45.44905556,-98.42183333
ABY,Southwest Georgia Regional,Albany,GA,USA,31.535515,-84.19447333
ACB,Antrim County,Bellaire,MI,USA,44.98857611,-85.198355
ACJ,Souther ,Americus,GA,USA,32.11079917,-84.18884806
ACK,Nantucket Memorial,Nantucket,MA,USA,41.25305194,-70.06018139
ACQ,Waseca Municipal,Waseca,MN,USA,44.07346389,-93.55294361
ACT,Waco Regional,Waco,TX,USA,31.61128833,-97.23051917
ACV,Arcata,Arcata/Eureka,CA,USA,40.97811528,-124.1086189
ACY,Atlantic City International,Atlantic City,NJ,USA,39.45758333,-74.57716667
ACZ,Henderson ,Wallace,NC,USA,34.71789028,-78.00362444
ADC,Wadena Municipal ,Wadena,MN,USA,46.45026972,-95.21095472
ADG,Lenawee County,Adrian,MI,USA,41.86943667,-84.07480528
ADH,Ada Municipal,Ada,OK,USA,34.80434056,-96.6712775
ADK,Adak,Adak,AK,USA,51.87796389,-176.6460306
ADM,Ardmore Municipal,Ardmore,OK,USA,34.30320667,-97.01952167
ADQ,Kodiak ,Kodiak,AK,USA,57.74996778,-152.4938553
ADS,Addison,Dallas/Addison,TX,USA,32.96855944,-96.83644778
ADT,Atwood-Rawlins County City-County,Atwood,KS,USA,39.84013889,-101.0420278
ADU,Audubon Municipal,Audubon,IA,USA,41.70137556,-94.92054167
AEG,Double Eagle II,Albuquerque,NM,USA,35.14515278,-106.7951617
AEL,Albert Lea Municipal,Albert Lea,MN,USA,43.68151278,-93.36723778
AEX,Alexandria International,Alexandria,LA,USA,31.32737167,-92.54855611
AFE,Kake,Kake,AK,USA,56.96048139,-133.9082694
AFJ,Washington County,Washington,PA,USA,40.13648833,-80.29020083
AFK,Nebraska City Municipal,Nebraska City,NE,USA,40.60688889,-95.86569444
AFM,Ambler,Ambler,AK,USA,67.10610472,-157.8536203
AFN,Jaffrey Municipal Silver Ranch,Jaffrey,NH,USA,42.80513417,-72.00302194
AFO,Afton Municipal,Afton,WY,USA,42.71124583,-110.9421639
AFW,Fort Worth Alliance,Fort Worth,TX,USA,32.98763889,-97.31880556
AGC,Allegheny Cty,Pittsburgh,PA,USA,40.35440139,-79.93016889
AGN,Angoon SPB,Angoon,AK,USA,57.50355528,-134.5850939
AGO,Magnolia Municipal,Magnolia,AR,USA,33.22802111,-93.21696861
AGS,Bush ,Augusta,GA,USA,33.369955,-81.96449611
AGZ,Wagner Municipal,Wagner,SD,USA,43.06332694,-98.29618972
AHH,Amery Municipal,Amery,WI,USA,45.28114833,-92.37539222
AHN,Athens Municipal,Athens,GA,USA,33.94859528,-83.32634694
AHP,Port Alexander SPB,Port Alexander,AK,USA,56.24684222,-134.6481539
AHQ,Wahoo Municipal,Wahoo,NE,USA,41.24133333,-96.59402778
AIA,Alliance Municipal,Alliance,NE,USA,42.05325,-102.8037222
AID,Anderson Municipal,Anderson,IN,USA,40.10862139,-85.61299472
AIG,Langlade County,Antigo,WI,USA,45.15419444,-89.11072222
AIK,Aiken Municipal,Aiken,SC,USA,33.64955556,-81.68447222
AIO,Atlantic Municipal,Atlantic,IA,USA,41.40726722,-95.04690639
AIT,Aitkin Municipal,Aitkin,MN,USA,46.5484225,-93.6768
AIV,George Downer ,Aliceville,AL,USA,33.10706889,-88.19725167
AIY,Atlantic City Municipal,Atlantic City,NJ,USA,39.36002778,-74.45608333
AIZ,Lee C Fine Memorial,Kaiser/Lake Ozark,MO,USA,38.096035,-92.5494875
AJC,Chignik (Anchorage Bay),Chignik,AK,USA,56.3114625,-158.3732369
AJG,Mt Carmel Municipal,Mt Carmel,IL,USA,38.60654722,-87.72669417
AJO,Corona Municipal,Corona,CA,USA,33.89765389,-117.60244
AJR,Habersham County,Cornelia,GA,USA,34.50081944,-83.55487
AK5,Perryville,Perryville,AK,USA,55.90806056,-159.1585781
AKA,Atka,Atka,AK,USA,52.22034833,-174.2063503
AKH,Gastonia Municipal,Gastonia,NC,USA,35.20265944,-81.1498675
AKI,Akiak,Akiak,AK,USA,60.90481194,-161.2270189
AKK,Akhiok,Akhiok,AK,USA,56.93869083,-154.1825556
AKN,King Salmon,King Salmon,AK,USA,58.67680167,-156.6492175
AKO,Akron-Washington Co,Akron,CO,USA,40.17563333,-103.2220278
AKP,Anaktuvuk Pass,Anaktuvuk Pass,AK,USA,68.1343225,-151.74168
AKR,Akron Fulton Intl.,Akron,OH,USA,41.0375,-81.46693944
AKW,Klawock,Klawock,AK,USA,55.57923333,-133.0759972
AL08,Vaiden ,Marion,AL,USA,32.51235611,-87.38555472
ALB,Albany Cty,Albany,NY,USA,42.74811944,-73.80297861
ALI,Alice International,Alice,TX,USA,27.74088889,-98.02694444
ALM,Alamogordo-White Sands Regional,Alamogordo,NM,USA,32.83994444,-105.9905833
ALN,St. Louis Regional,Alton/St. Louis,IL,USA,38.89029083,-90.04604306
ALO,Waterloo Municipal,Waterloo,IA,USA,42.55708139,-92.40034361
ALS,San Luis Valley Regional/Bergman ,Alamosa,CO,USA,37.43491667,-105.8665556
ALW,Walla Walla Regional,Walla Walla,WA,USA,46.09456167,-118.2880367
ALX,Thomas C Russell ,Alexander City,AL,USA,32.91475167,-85.96295611
AMA,Amarillo International,Amarillo,TX,USA,35.2193725,-101.7059272
AMG,Bacon County,Alma,GA,USA,31.53605556,-82.50655556
AMN,Gratiot Community,Alma,MI,USA,43.3221425,-84.68794917
AMT,Alexander Salamon,West Union,OH,USA,38.85148778,-83.56627778
AMW,Ames Municipal,Ames,IA,USA,41.99206972,-93.62180139
ANB,Anniston Metropolitan,Anniston,AL,USA,33.58816667,-85.85811111
ANC,Ted Stevens Anchorage International,Anchorage,AK,USA,61.17432028,-149.9961856
AND,Anderson County,Anderson,SC,USA,34.49494444,-82.70902778
ANE,Anoka County,Minneapolis,MN,USA,45.145,-93.21138889
ANI,Aniak,Aniak,AK,USA,61.58159694,-159.5430428
ANQ,Steuben County-Tri State,Angola,IN,USA,41.63969833,-85.08349333
ANV,Anvik,Anvik,AK,USA,62.64858333,-160.1898889
ANW,Ainsworth Municipal,Ainsworth,NE,USA,42.57922222,-99.99297222
ANY,Anthony Municipal,Anthony,KS,USA,37.15852194,-98.07964667
AOC,Arco-Butte County,Arco,ID,USA,43.60343056,-113.3340972
AOH,Allen County,Lima,OH,USA,40.70694444,-84.02666667
AOO,Altoona-Blair Cty,Altoona,PA,USA,40.29637222,-78.32002306
APA,Centennial,Denver,CO,USA,39.57012833,-104.8492942
APC,Napa County,Napa,CA,USA,38.21319444,-122.2806944
APF,Naples Municipal,Naples,FL,USA,26.15247222,-81.77544444
APN,Alpena County Regional ,Alpena,MI,USA,45.0780675,-83.56028583
APT,Marion County-Brown ,Jasper,TN,USA,35.06067778,-85.58531667
APV,Apple Valley,Apple Valley,CA,USA,34.57528944,-117.1861792
AQC,Klawock SPB,Klawock,AK,USA,55.5546575,-133.1016928
AQH,Kwinhagak,Quinhagak,AK,USA,59.75700722,-161.8794789
AQT,Nuiqsut,Nuiqsut,AK,USA,70.20995278,-151.0055611
AQW,Harriman And West,North Adams,MA,USA,42.69591417,-73.17038306
AQY,Girdwood,Girdwood,AK,USA,60.96609583,-149.1257892
ARA,Acadiana Regional,New Iberia,LA,USA,30.03775833,-91.88389611
ARB,Ann Arbor Municipal,Ann Arbor,MI,USA,42.22298361,-83.74560722
ARC,Arctic Village,Arctic Village,AK,USA,68.11608083,-145.5761114
ARG,Walnut Ridge Regional,Walnut Ridge,AR,USA,36.12534667,-90.92461944
ARR,Aurora Municipal,Chicago/Aurora,IL,USA,41.77192944,-88.47565917
ART,Watertown Intl,Watertown,NY,USA,43.99192222,-76.02173861
ARV,Lakeland,Minocqua-Woodruff,WI,USA,45.92792556,-89.73094278
ASD,Slidell,Slidell,LA,USA,30.345055,-89.82078833
ASE,Aspen-Pitkin Co/Sardy ,Aspen,CO,USA,39.22316,-106.868845
ASG,Springdale Municipal,Springdale,AR,USA,36.17641056,-94.11925833
ASH,Boire ,Nashua,NH,USA,42.78176306,-71.51477944
ASJ,Tri-County,Ahoskie,NC,USA,36.29752583,-77.17085556
ASL,Marshall - Harrison County,Marshall,TX,USA,32.5205,-94.30777778
ASN,Talladega Municipal,Talladega,AL,USA,33.56991111,-86.05085833
AST,Astoria Regional,Astoria,OR,USA,46.15797222,-123.8786944
ASW,Warsaw Municipal,Warsaw,IN,USA,41.2747,-85.84005556
ASX,John F Kennedy Memorial,Ashland,WI,USA,46.54852806,-90.91896639
ATA,Hall-Miller Municipal,Atlanta,TX,USA,33.101805,-94.19532694
ATK,Atqasuk,Atqasuk,AK,USA,70.46727611,-157.4357361
ATL,William B Hartsfield-Atlanta Intl,Atlanta,GA,USA,33.64044444,-84.42694444
ATS,Artesia Municipal,Artesia,NM,USA,32.85252806,-104.4676864
ATW,Outagamie County Regional,Appleton,WI,USA,44.25740806,-88.51947556
ATY,Watertown Municipal,Watertown,SD,USA,44.91398056,-97.15471944
AUG,Augusta State,Augusta,ME,USA,44.32064972,-69.79731806
AUH,Aurora Municipal,Aurora,NE,USA,40.89413889,-97.99455556
AUK,Alakanuk,Alakanuk,AK,USA,62.68004417,-164.6599253
AUM,Austin Municipal,Austin,MN,USA,43.66499083,-92.933385
AUN,Auburn Municipal,Auburn,CA,USA,38.95476944,-121.0820806
AUO,Auburn-Opelik,Auburn,AL,USA,32.61635417,-85.43355944
AUS,Austin-Bergstrom International,Austin,TX,USA,30.19453278,-97.66987194
AUW,Wausau Municipal,Wausau,WI,USA,44.92847222,-89.62661111
AVC,Mecklenburg-Brunswick Regional,South Hill,VA,USA,36.68827778,-78.05447222
AVK,Alva Regional,Alva,OK,USA,36.77317,-98.66994611
AVL,Asheville Regional,Asheville,NC,USA,35.43619444,-82.54180556
AVO,Avon Park Municipal,Avon Park,FL,USA,27.591145,-81.52785333
AVP,Wilkes-Barre/Scranton Intl,Wilkes-Barre/Scranton,PA,USA,41.33814944,-75.7242675
AVQ,Marana Northwest Regional,Marana,AZ,USA,32.40939028,-111.2185086
AVX,Catalina,Avalon,CA,USA,33.40494444,-118.4158611
AWG,Washington Municipal,Washington,IA,USA,41.27610083,-91.67344389
AWI,Wainwright,Wainwright,AK,USA,70.638,-159.99475
AWM,West Memphis Municipal,West Memphis,AR,USA,35.13505861,-90.23444639
AWO,Arlington Municipal,Arlington,WA,USA,48.16074833,-122.1590208
AXA,Algona Municipal,Algona,IA,USA,43.07791056,-94.27199278
AXN,Chandler ,Alexandria,MN,USA,45.86629833,-95.39466806
AXS,Altus Municipal,Altus,OK,USA,34.69878194,-99.3381
AXV,Neil Armstrong,Wapakoneta,OH,USA,40.49338889,-84.29894444
AXX,Angel Fire,Angel Fire,NM,USA,36.42240972,-105.2892967
AYS,Waycross-Ware County,Waycross,GA,USA,31.24905556,-82.39530556
AZC,Colorado City Municipal,Colorado City,AZ,USA,36.95994444,-113.0138889
AZE,Hazelhurst,Hazelhurst,GA,USA,31.88465639,-82.64738778
AZO,Kalamazoo County,Kalamazoo,MI,USA,42.234875,-85.5520575
B01,Granville,Granville,NY,USA,43.42507111,-73.26205306
B08,Silver Springs,Silver Springs,NV,USA,39.40324917,-119.2518292
B16,Whitford,Weedsport,NY,USA,43.08027611,-76.53837556
B19,Biddeford Municipal,Biddeford,ME,USA,43.46411111,-70.47238889
B21,Sugarloaf Regional,Carrabasset,ME,USA,45.08616639,-70.21617778
BAF,Barnes Municipal,Westfield,MA,USA,42.15773111,-72.71562028
BAK,Columbus Municipal,Columbus,IN,USA,39.26191861,-85.89634556
BAM,Battle Mountain,Battle Mountain,NV,USA,40.59904583,-116.8743358
BAX,Huron County Memorial,Bad Axe,MI,USA,43.78091667,-82.98566667
BAZ,New Braunfels Municipal,New Braunfels,TX,USA,29.7045,-98.04222222
BBB,Benson Municipal,Benson,MN,USA,45.3319325,-95.650565
BBD,Curtis ,Brady,TX,USA,31.17816667,-99.32463889
BBP,Marlboro County,Bennettsville,SC,USA,34.62170861,-79.73435944
BBW,Broken Bow Municipal,Broken Bow,NE,USA,41.43645056,-99.64216861
BCB,Virginia Tech,Blacksburg,VA,USA,37.20782361,-80.40832778
BCE,Bryce Canyon,Bryce Canyon,UT,USA,37.70637111,-112.1454725
BCK,Black River Falls Area,Black River Falls,WI,USA,44.25073861,-90.85528028
BCT,Boca Raton,Boca Raton,FL,USA,26.37848667,-80.10769667
BCV,Birchwood,Birchwood,AK,USA,61.41612444,-149.50888
BDE,Baudette International,Baudette,MN,USA,48.72741667,-94.61030556
BDG,Blanding Muni,Blanding,UT,USA,37.58303472,-109.4832889
BDL,Bradley International,Windsor Locks,CT,USA,41.93887417,-72.68322833
BDQ,Morrilton Municipal,Morrilton,AR,USA,35.13619528,-92.71349722
BDR,Igor I Sikorsky Memorial,Bridgeport,CT,USA,41.16348417,-73.12617861
BDX,Broadus,Broadus,MT,USA,45.433325,-105.4172133
BED,Laurence G Hanscom ,Bedford,MA,USA,42.46995306,-71.28903
BEH,Southwest Michigan Regional,Benton Harbor,MI,USA,42.12858333,-86.4285
BET,Bethel,Bethel,AK,USA,60.77977639,-161.8379975
BFD,Bradford Reg,Bradford,PA,USA,41.80306778,-78.64012083
BFF,Scotts Bluff County,Scottsbluff,NE,USA,41.87402778,-103.5956389
BFI,Boeing Field/King County Intl,Seattle,WA,USA,47.52998917,-122.3019561
BFK,Buffalo Municipal,Buffalo,OK,USA,36.86330139,-99.61873056
BFL,Meadows ,Bakersfield,CA,USA,35.43359806,-119.0567681
BFM,Mobile Downtown,Mobile,AL,USA,30.62646944,-88.06799861
BFR,Virgil I Grissom Municipal,Bedford,IN,USA,38.84003306,-86.44536361
BFW,Silver Bay Municipal,Silver Bay,MN,USA,47.24902778,-91.41558333
BGD,Hutchinson County,Borger,TX,USA,35.70004194,-101.3940536
BGE,Decatur County Industrial Airpark,Bainbridge,GA,USA,30.97152778,-84.63744444
BGF,Winchester Municipal,Winchester,TN,USA,35.17753417,-86.06616722
BGM,Binghamton Regional,Binghamton,NY,USA,42.20848278,-75.97961361
BGQ,Big Lake Strip Nr 2,Big Lake,AK,USA,61.53556806,-149.8138975
BGR,Bangor International,Bangor,ME,USA,44.80744444,-68.82813889
BHB,Hancock Co-Bar Harbor,Bar Harbor,ME,USA,44.44969444,-68.3615
BHC,Baxley Municipal,Baxley,GA,USA,31.71383333,-82.39377778
BHK,Baker Muni,Baker City,MT,USA,46.34763639,-104.2594475
BHM,Birmingham International,Birmingham,AL,USA,33.56294306,-86.75354972
BID,Block Island State,Block Island,RI,USA,41.16811889,-71.57784167
BIE,Beatrice Municipal,Beatrice,NE,USA,40.30127778,-96.75411111
BIG,Allen AAF,Delta Junction,AK,USA,63.99454722,-145.7216417
BIH,Bishop,Bishop,CA,USA,37.37309556,-118.3636089
BIL,Billings Logan Intl,Billings,MT,USA,45.8076625,-108.5428611
BIS,Bismarck Municipal,Bismarck,ND,USA,46.77411111,-100.7467222
BIV,Tulip City,Holland,MI,USA,42.74316667,-86.10502778
BJC,Jeffco,Denver,CO,USA,39.90878667,-105.1172158
BJI,Bemidji-Beltrami County,Bemidji,MN,USA,47.50942417,-94.93372333
BJJ,Wayne County,Wooster,OH,USA,40.87480556,-81.88825
BKD,Breckenridge Stephens County,Breckenridge,TX,USA,32.71904694,-98.89099972
BKE,Baker City Municipal,Baker City,OR,USA,44.83733333,-117.8090833
BKL,Burke Lakefront,Cleveland,OH,USA,41.5175,-81.68333333
BKV,Hernando County,Brooksville,FL,USA,28.47359722,-82.45542139
BKW,Raleigh Cty Memorial,Beckley,WV,USA,37.78732833,-81.12416417
BKX,Brookings Municipal,Brookings,SD,USA,44.30483333,-96.81694444
BLF,Mercer Cty,Bluefield,WV,USA,37.29579944,-81.20769056
BLH,Blythe,Blythe,CA,USA,33.61916278,-114.7168764
BLI,Bellingham Intl,Bellingham,WA,USA,48.79275,-122.5375278
BLM,Allaire Arpt,Belmar/Farmingdale,NJ,USA,40.18691806,-74.12488694
BLV,Scott AFB/MidAmerica ,Belleville/St. Louis,IL,USA,38.54517861,-89.83518444
BMC,Brigham City,Brigham City,UT,USA,41.55239139,-112.0622625
BMG,Monroe County,Bloomington,IN,USA,39.14602139,-86.61668278
BMI,Central Illinois Regional,Bloomington,IL,USA,40.47798556,-88.91595278
BML,Berlin Municipal,Berlin,NH,USA,44.57537278,-71.17593167
BMQ,Burnet Muni-Kate Craddock ,Burnet,TX,USA,30.73894444,-98.23858333
BMT,Beaumont Municipal,Beaumont,TX,USA,30.07044111,-94.21553806
BNA,Nashville International,Nashville,TN,USA,36.12447667,-86.67818222
BNF,Baranof Warm Springs SPB,Baranof Warm Springs,AK,USA,57.08882583,-134.8331414
BNG,Banning Municipal,Banning,CA,USA,33.92307111,-116.8505756
BNL,Barnwell County,Barnwell,SC,USA,33.25777778,-81.38833333
BNO,Burns Muni,Burns,OR,USA,43.59212778,-118.9549789
BNW,Boone Municipal,Boone,IA,USA,42.04956944,-93.84757222
BOI,Boise Air Terminal,Boise,ID,USA,43.56444444,-116.2227778
BOK,Brookings,Brookings,OR,USA,42.07455556,-124.2900939
BOS,Gen Edw L Logan Intl,Boston,MA,USA,42.3643475,-71.00517917
BOW,Bartow Municipal,Bartow,FL,USA,27.9433575,-81.78344167
BPI,Big Piney-Marbleton,Big Piney,WY,USA,42.58506972,-110.1111531
BPK,Baxter County Regional,Mountain Home,AR,USA,36.36894194,-92.47052806
BPT,Southeast Texas Regional,Beaumont/Port Arthur,TX,USA,29.95083333,-94.02069444
BQK,Glynco Jetport,Brunswick,GA,USA,31.25902778,-81.46630556
BQN,Rafael Hernandez,Aguadilla,PR,USA,18.49486111,-67.12944444
BRD,Brainerd-Crow Wing County Regional,Brainerd,MN,USA,46.39785806,-94.1372275
BRL,Burlington Municipal,Burlington,IA,USA,40.783225,-91.12550556
BRO,Brownsville/S.Padre Island International,Brownsville,TX,USA,25.90683333,-97.42586111
BRW,Wiley Post Will Rogers Memorial,Barrow,AK,USA,71.2854475,-156.7660019
BRY,Samuels ,Bardstown,KY,USA,37.81432167,-85.49963806
BST,Belfast Municipal,Belfast,ME,USA,44.40966667,-69.01225
BTI,Barter Island ,Kaktovik,AK,USA,70.13390278,-143.5770444
BTL,W K Kellogg Regional,Battle Creek,MI,USA,42.30727806,-85.25147972
BTM,Bert Mooney,Butte,MT,USA,45.95479528,-112.49746
BTN,Britton Municipal,Britton,SD,USA,45.81522222,-97.74313889
BTP,Butler Cty,Butler,PA,USA,40.77692611,-79.94972417
BTR,Baton Rouge Metropolitan, Ryan ,Baton Rouge,LA,USA,30.53316083,-91.14963444
BTT,Bettles,Bettles,AK,USA,66.91528667,-151.5280556
BTV,Burlington International,Burlington,VT,USA,44.47300361,-73.1503125
BTY,Beatty,Beatty,NV,USA,36.86105722,-116.7870036
BUB,Cram ,Burwell,NE,USA,41.77669444,-99.14975
BUF,Buffalo Niagara Intl,Buffalo,NY,USA,42.94052472,-78.73216667
BUM,Butler Memorial,Butler,MO,USA,38.28977028,-94.34012694
BUR,Burbank-Glendale-Pasadena,Burbank,CA,USA,34.20061917,-118.3584969
BUY,Burlington Municipal,Burlington,NC,USA,36.04854333,-79.47488694
BVI,Beaver County,Beaver Falls,PA,USA,40.77248083,-80.39142556
BVK,Buckland,Buckland,AK,USA,65.98228611,-161.1519778
BVN,Albion Municipal,Albion,NE,USA,41.72857778,-98.05575972
BVO,Bartlesville Municipal,Bartlesville,OK,USA,36.76247611,-96.01115167
BVS,Skagit Regional/Bay View,Burlington/Mount Vernon,WA,USA,48.47088889,-122.4208611
BVX,Batesville Regional,Batesville,AR,USA,35.726105,-91.64736083
BVY,Beverly Municipal,Beverly,MA,USA,42.58417111,-70.91651833
BWC,Brawley Municipal,Brawley,CA,USA,32.9931,-115.5169325
BWD,Brownwood Municipal,Brownwood,TX,USA,31.79362222,-98.95649528
BWG,Bowling Green-Warren County ,Bowling Green,KY,USA,36.96451667,-86.41967917
BWI,Baltimore-Washington International,Baltimore,MD,USA,39.17540167,-76.66819833
BWP,Harry Stern,Wahpeton,ND,USA,46.24640083,-96.6056825
BXA,George R Carr Memorial,Bogalusa,LA,USA,30.81368639,-89.86496444
BXG,Burke County,Waynesboro,GA,USA,33.04093056,-82.00397917
BXK,Buckeye Municipal,Buckeye,AZ,USA,33.42088556,-112.6863
BYA,Boundary,Boundary,AK,USA,64.07830278,-141.113375
BYG,Johnson County,Buffalo,WY,USA,44.38108528,-106.7217897
BYI,Burley Municipal,Burley,ID,USA,42.54260361,-113.7715442
BZN,Gallatin ,Bozeman,MT,USA,45.77690139,-111.1530072
C00,Mercer County,Aledo,IL,USA,41.248645,-90.73708361
C05,Chenega Bay,Chenega,AK,USA,60.07730556,-147.9918889
C09,Morris Municipal,Morris,IL,USA,41.42541667,-88.41869444
C15,Pekin Municipal,Pekin,IL,USA,40.48820611,-89.67591083
C17,Marion,Marion,IA,USA,42.03111083,-91.52934222
C18,Frankfort,Chicago/Frankfort,IL,USA,41.4775,-87.84047222
C25,Waverly Municipal,Waverly,IA,USA,42.7419525,-92.50793528
C29,Morey,Middleton,WI,USA,43.11424444,-89.53073222
C34,Gibson City Municipal,Gibson City,IL,USA,40.48578389,-88.2672725
C35,Reedsburg Municipal,Reedsburg,WI,USA,43.52589944,-89.98322194
C47,Portage Municipal,Portage,WI,USA,43.5600925,-89.48309278
C52,Burlington Municipal,Burlington,WI,USA,42.69056389,-88.30464
C56,Sanger,Chicago/Monee,IL,USA,41.37756167,-87.68137528
C62,Kendallville Municipal,Kendallville,IN,USA,41.47271639,-85.26080833
C65,Plymouth Municipal,Plymouth,IN,USA,41.36513333,-86.30050417
C66,Monmouth Municipal,Monmouth,IL,USA,40.92970444,-90.63110722
C71,Crosby Municipal,Crosby,MS,USA,31.29600472,-91.05288167
C73,Dixon Muni-Charles R Walgreen ,Dixon,IL,USA,41.83369889,-89.44621333
C75,Marshall County,Lacon,IL,USA,41.01928583,-89.38642222
C77,Poplar Grove ,Poplar Grove,IL,USA,42.32268639,-88.83651833
C80,New Coalinga Municipal,Coalinga,CA,USA,36.16313889,-120.2938139
C81,Campbell,Chicago/Round Lake Park,IL,USA,42.32461111,-88.07408806
C83,Byron,Byron,CA,USA,37.8284525,-121.6258219
C91,Dowagiac Municipal ,Dowagiac,MI,USA,41.99293417,-86.1280125
CAD,Wexford County,Cadillac,MI,USA,44.27531333,-85.41892694
CAE,Columbia Metropolitan,Columbia,SC,USA,33.93884,-81.11953944
CAG,Craig-Moffat,Craig,CO,USA,40.49522139,-107.5216467
CAK,Akron-Canton Regional,Akron,OH,USA,40.91631194,-81.44246556
CAO,Clayton Municipal Airpark,Clayton,NM,USA,36.44585972,-103.1546583
CAR,Caribou Municipal,Caribou,ME,USA,46.8715,-68.01791667
CAV,Clarion Municipal,Clarion,IA,USA,42.74194389,-93.75890944
CBE,Cumberland Regional,Cumberland,MD,USA,39.61541667,-78.76086361
CBF,Council Bluffs Municipal,Council Bluffs,IA,USA,41.25947222,-95.75997222
CBG,Cambridge Municipal,Cambridge,MN,USA,45.55854639,-93.26464361
CBK,Shaltz ,Colby,KS,USA,39.42753083,-101.0465719
CCB,Cable,Upland,CA,USA,34.11154056,-117.6875897
CCO,Newnan-Coweta County,Newnan,GA,USA,33.31208333,-84.77027778
CCR,Buchanan ,Concord,CA,USA,37.98965639,-122.0568972
CCY,Charles City Municipal,Charles City,IA,USA,43.07260861,-92.61077833
CDB,Cold Bay,Cold Bay,AK,USA,55.20559972,-162.7242628
CDC,Cedar City Muni,Cedar City,UT,USA,37.70097028,-113.098575
CDH,Harrell ,Camden,AR,USA,33.62279917,-92.76339528
CDI,Cambridge Municipal,Cambridge,OH,USA,39.97504417,-81.57759528
CDK,George T Lewis,Cedar Key,FL,USA,29.137745,-83.04984361
CDN,Woodward ,Camden,SC,USA,34.28358333,-80.56486111
CDR,Chadron Municipal,Chadron,NE,USA,42.83755556,-103.0954167
CDV,Merle K (Mudhole) Smith,Cordova,AK,USA,60.49183389,-145.4776503
CDW,Essex Cty Arpt,Caldwell,NJ,USA,40.87522278,-74.28135667
CEC,Jack McNamara ,Crescent City,CA,USA,41.78015722,-124.2365333
CEF,Westover AFB,Chicopee,MA,USA,42.19826389,-72.53425833
CEK,Crete Municipal,Crete,NE,USA,40.61791667,-96.92488889
CEM,Central,Central,AK,USA,65.57380667,-144.7832908
CEU,Oconee County Regional,Clemson,SC,USA,34.67205556,-82.88644444
CEV,Mettel ,Connersville,IN,USA,39.69803139,-85.13124528
CEW,Bob Sikes,Crestview,FL,USA,30.77883333,-86.52211111
CEY,Kyle-Oakley ,Murray,KY,USA,36.66458333,-88.37277722
CEZ,Cortez Muni,Cortez,CO,USA,37.30299778,-108.6280658
CFD,Coulter ,Bryan,TX,USA,30.71569444,-96.33136111
CFJ,Crawfordsville Municipal,Crawfordsville,IN,USA,39.97562861,-86.91986361
CFK,Chefornak,Chefornak,AK,USA,60.14922556,-164.2856325
CFT,Greenlee County,Clifton-Morenci,AZ,USA,32.95284306,-109.2103453
CFV,Coffeyville Municipal,Coffeyville,KS,USA,37.0940475,-95.57189417
CGA,Craig SPB,Craig,AK,USA,55.47883139,-133.1478011
CGC,Crystal River,Crystal River,FL,USA,28.86727778,-82.57130556
CGE,Cambridge-Dorchester,Cambridge,MD,USA,38.53930556,-76.03036111
CGF,Cuyahoga County,Cleveland,OH,USA,41.56512389,-81.48635389
CGI,Cape Girardeau Municipal,Cape Girardeau,MO,USA,37.22531694,-89.57075167
CGS,College Park,College Park,MD,USA,38.98058333,-76.92230556
CGX,Chicago Meigs,Chicago,IL,USA,41.85884389,-87.60791167
CGZ,Casa Grande Municipal,Casa Grande,AZ,USA,32.95488889,-111.7668333
CHA,Lovell ,Chattanooga,TN,USA,35.03526833,-85.20378778
CHD,Chandler Municipal,Chandler,AZ,USA,33.26908333,-111.8111389
CHK,Chickasha Municipal,Chickasha,OK,USA,35.09614694,-97.96618361
CHO,Charlottesville-Albermarle,Charlottesville,VA,USA,38.13863889,-78.45286111
CHP,Circle Hot Springs,Circle Hot Springs,AK,USA,65.48547222,-144.6107836
CHS,Charleston AFB/International,Charleston,SC,USA,32.89864639,-80.04050583
CHT,Chillicothe Municipal,Chillicothe,MO,USA,39.78215278,-93.49568056
CHU,Houston County,Caledonia,MN,USA,43.59635861,-91.50394639
CIC,Chico Municipal,Chico,CA,USA,39.79538278,-121.8584231
CID,Eastern Iowa ,Cedar Rapids,IA,USA,41.88458833,-91.71087222
CII,Choteau,Choteau,MT,USA,47.82528056,-112.1662136
CIK,Chalkyitsik,Chalkyitsik,AK,USA,66.64969083,-143.7359492
CIN,Arthur N Neu,Carroll,IA,USA,42.04619444,-94.789
CIR,Cairo,Cairo,IL,USA,37.06447222,-89.21961111
CIU,Chippewa County International,Sault Ste. Marie,MI,USA,46.25075194,-84.47238528
CJR,Culpeper Regional,Culpeper,VA,USA,38.5267075,-77.85885528
CJX,Crooked Creek,Crooked Creek,AK,USA,61.86902194,-158.1371178
CKB,Benedum,Clarksburg,WV,USA,39.29663889,-80.22808333
CKC,Grand Marais/Cook County,Grand Marais,MN,USA,47.83830556,-90.38313889
CKF,Crisp County - Cordele,Cordele,GA,USA,31.98883333,-83.77391667
CKI,Williamsburg County,Kingstree,SC,USA,33.71722222,-79.85697222
CKM,Fletcher ,Clarksdale,MS,USA,34.29971,-90.51231611
CKN,Crookston Muni Kirkwood ,Crookston,MN,USA,47.84169417,-96.62162028
CKP,Cherokee Municipal,Cherokee,IA,USA,42.73147222,-95.55613889
CKU,Cordova Muni,Cordova,AK,USA,60.54390333,-145.7267042
CKV,Outlaw ,Clarksville,TN,USA,36.62188083,-87.41495361
CKX,Chicken,Chicken,AK,USA,64.07133833,-141.9522792
CLD,MC Clellan-Palomar Airport,NA,NA,USA,33.127231,-117.278727
CLE,Cleveland-Hopkins Intl,Cleveland,OH,USA,41.41089417,-81.84939667
CLI,Clintonville Municipal,Clintonville,WI,USA,44.61381306,-88.73126667
CLK,Clinton Municipal,Clinton,OK,USA,35.53832778,-98.932695
CLL,Easterwood ,College Station,TX,USA,30.58858944,-96.36382417
CLM,William R Fairchild Intl,Port Angeles,WA,USA,48.12019444,-123.4996944
CLP,Clarks Point,Clarks Point,AK,USA,58.84230472,-158.5452331
CLS,Chehalis-Centralia,Chehalis,WA,USA,46.67649194,-122.9792967
CLT,Charlotte/Douglas International,Charlotte,NC,USA,35.21401111,-80.94312583
CLW,Clearwater Air Park,Clearwater,FL,USA,27.97668639,-82.75874028
CMA,Camarillo,Camarillo,CA,USA,34.21375472,-119.0943264
CMH,Port Columbus Intl,Columbus,OH,USA,39.99798528,-82.89188278
CMI,University of Illinois-Willard,Champaign/Urbana,IL,USA,40.03925,-88.27805556
CMX,Houghton County Memorial,Hancock,MI,USA,47.16841722,-88.48906083
CMY,Sparta/Fort McCoy,Sparta,WI,USA,43.95834806,-90.7378975
CNC,Chariton Municipal,Chariton,IA,USA,41.01962389,-93.35968028
CNH,Claremont Municipal,Claremont,NH,USA,43.37043194,-72.36867667
CNK,Blosser Municipal,Concordia,KS,USA,39.54925139,-97.65231667
CNM,Cavern City Air Terminal,Carlsbad,NM,USA,32.33747222,-104.2632778
CNO,Chino,Chino,CA,USA,33.97469444,-117.6366111
CNP,Billy G Ray ,Chappell,NE,USA,41.07747222,-102.4640556
CNU,Chanute Martin Johnson,Chanute,KS,USA,37.66879722,-95.48506444
CNW,TSTC-Waco,Waco,TX,USA,31.63783139,-97.07413889
CNY,Canyonlands ,Moab,UT,USA,38.75495611,-109.7548439
COD,Yellowstone Regional,Cody,WY,USA,44.52019417,-109.0237961
COE,Coeur D'Alene Air Terminal,Coeur D'Alene,ID,USA,47.77429167,-116.8196231
COI,Merritt Island,Merritt Island,FL,USA,28.34158944,-80.6854975
COM,Coleman Municipal,Coleman,TX,USA,31.84113889,-99.40361111
CON,Concord Municipal,Concord,NH,USA,43.20273278,-71.50228556
COQ,Cloquet-Carlton County,Cloquet,MN,USA,46.70016833,-92.50552861
COS,City of Colorado Springs Muni,Colorado Springs,CO,USA,38.80580556,-104.70025
COT,Cotulla-Lasalle County,Cotulla,TX,USA,28.45825583,-99.22016389
COU,Columbia Regional,Columbia,MO,USA,38.81809306,-92.21962917
CPC,Columbus County Municipal,Whiteville,NC,USA,34.27287278,-78.71499278
CPK,Chesapeake Municipal,Norfolk,VA,USA,36.66561833,-76.32066389
CPM,Compton/Woodley,Compton,CA,USA,33.89001611,-118.2436831
CPR,Natrona County Intl,Casper,WY,USA,42.90835556,-106.4644661
CPS,St. Louis Downtown,Cahokia/St. Louis,IL,USA,38.57072444,-90.15622111
CPX,Benjamin Rivera Noriega,Isla De Culebra,PR,USA,18.31328917,-65.30432444
CQA,Lakefield,Celina,OH,USA,40.48408333,-84.56011111
CQB,Chandler Municipal,Chandler,OK,USA,35.72381556,-96.82027306
CQX,Chatham Municipal,Chatham,MA,USA,41.68840028,-69.98952417
CRC,Circle City,Circle,AK,USA,65.83049389,-144.0758128
CRE,Grand Strand,North Myrtle Beach,SC,USA,33.81175,-78.72394444
CRG,Craig Municipal,Jacksonville,FL,USA,30.33633333,-81.51444444
CRO,Corcoran,Corcoran,CA,USA,36.10245111,-119.5948469
CRP,Corpus Christi International,Corpus Christi,TX,USA,27.77036083,-97.50121528
CRQ,McClellan-Palomar,Carlsbad,CA,USA,33.12822222,-117.2802222
CRS,C Davis Campbell -Corsicana Muni,Corsicana,TX,USA,32.02748861,-96.39803611
CRT,Crossett Municipal,Crossett,AR,USA,33.17833278,-91.88018806
CRW,Yeager,Charleston,WV,USA,38.37315083,-81.59318972
CRX,Roscoe Turner ,Corinth,MS,USA,34.91496778,-88.60348361
CSB,Cambridge Municipal,Cambridge,NE,USA,40.30658333,-100.1620833
CSG,Columbus Metropolitan,Columbus,GA,USA,32.51633333,-84.93886111
CSM,Clinton-Sherman,Clinton,OK,USA,35.33983917,-99.20049944
CSQ,Creston Municipal,Creston,IA,USA,41.02146139,-94.36331917
CSV,Crossville Memorial,Crossville,TN,USA,35.95129194,-85.08497806
CTB,Cut Bank Muni,Cut Bank,MT,USA,48.60835444,-112.3761464
CTJ,West Georgia Regional,Carrollton,GA,USA,33.63102778,-85.15202778
CTK,Ingersoll,Canton,IL,USA,40.56909444,-90.07484
CTY,Cross City ,Cross City,FL,USA,29.63552778,-83.10475
CTZ,Sampson County,Clinton,NC,USA,34.97561194,-78.36461528
CUB,Columbia Owens Downtown,Columbia,SC,USA,33.97047222,-80.99525
CUH,Cushing Municipal,Cushing,OK,USA,35.949925,-96.77305278
CUL,Carmi Municipal,Carmi,IL,USA,38.08947917,-88.12306111
CUT,Custer County,Custer,SD,USA,43.73331611,-103.6176947
CVG,Cincinnati Northern Kentucky Intl,Covington,KY,USA,39.04614278,-84.6621725
CVK,Sharp County Regional,Ash Flat,AR,USA,36.26487139,-91.56264111
CVN,Clovis Municipal,Clovis,NM,USA,34.42513889,-103.0792778
CVO,Corvallis Muni,Corvallis,OR,USA,44.49719361,-123.2898297
CVX,Charlevoix Municipal,Charlevoix,MI,USA,45.30477778,-85.27477778
CWA,Central Wisconsin,Mosinee,WI,USA,44.77761917,-89.66677944
CWF,Chennault International ,Lake Charles,LA,USA,30.21059167,-93.14318944
CWI,Clinton Municipal,Clinton,IA,USA,41.8311125,-90.32913056
CWV,Claxton-Evans County,Claxton,GA,USA,32.19505556,-81.86955556
CXC,Chitina,Chitina,AK,USA,61.58285917,-144.4270969
CXE,Chase City Municipal,Chase City,VA,USA,36.78833556,-78.50155361
CXF,Coldfoot,Coldfoot,AK,USA,67.25163417,-150.2065672
CXL,Calexico International,Calexico,CA,USA,32.66950333,-115.5133281
CXO,Montgomery County,Conroe,TX,USA,30.35183333,-95.4144675
CXP,Carson,Carson City,NV,USA,39.19222972,-119.7343611
CXU,Camilla-Mitchell County,Camilla,GA,USA,31.21291667,-84.23680556
CXY,Capital City,Harrisburg,PA,USA,40.21713889,-76.85147222
CYO,Pickaway County Memorial,Circleville,OH,USA,39.51600611,-82.98215361
CYS,Cheyenne,Cheyenne,WY,USA,41.1557225,-104.8118381
CYW,Clay Center Municipal,Clay Center,KS,USA,39.38713889,-97.15721417
CZD,Cozad Municipal,Cozad,NE,USA,40.86911111,-100.0042222
CZG,Tri-Cities ,Endicott,NY,USA,42.07853583,-76.09633306
CZL,Tom B David ,Calhoun,GA,USA,34.45678278,-84.93949944
CZN,Chisana,Chisana,AK,USA,62.07118972,-142.0483742
CZT,Dimmit County,Carrizo Springs,TX,USA,28.52225111,-99.82363444
D04,Bowman Municipal,Bowman,ND,USA,46.18699111,-103.4280806
D05,Garrison Municipal,Garrison,ND,USA,47.65594444,-101.4372222
D07,Faith Municipal,Faith,SD,USA,45.03609417,-102.0198803
D09,Bottineau Municipal,Bottineau,ND,USA,48.83039167,-100.4171361
D19,Quentin Aanenson ,Luverne,MN,USA,43.62080278,-96.21864028
D22,Angola ,Angola,NY,USA,42.66010111,-78.99115556
D25,Manitowish Waters,Manitowish Waters,WI,USA,46.12197222,-89.88233333
D38,Canandaiga,Canandaiga,NY,USA,42.90718611,-77.32162639
D42,Springfield Municipal,Springfield,MN,USA,44.23107,-94.99893444
D50,Crosby Municipal,Crosby,ND,USA,48.92851556,-103.2972514
D55,Robertson ,Langdon,ND,USA,48.75301778,-98.39333694
D57,Glen Ullin Municipal,Glen Ullin,ND,USA,46.81278306,-101.8601556
D60,Tioga Municipal,Tioga,ND,USA,48.3805325,-102.8979853
D73,Monroe-Walton County,Monroe,GA,USA,33.78149889,-83.69355389
D77,Lancaster,Lancaster,NY,USA,42.92228111,-78.61224889
D87,Harbor Springs,Harbor Springs,MI,USA,45.42556528,-84.91338389
D95,Dupont-Lapeer,Lapeer,MI,USA,43.06703333,-83.27244444
D98,Romeo,Romeo,MI,USA,42.79699083,-82.97526583
DAB,Daytona Beach International,Daytona Beach,FL,USA,29.17991667,-81.05805556
DAG,Barstow-Daggett,Daggett,CA,USA,34.85371333,-116.7866875
DAL,Dallas Love ,Dallas,TX,USA,32.84711389,-96.85177222
DAN,Danville Regional,Danville,VA,USA,36.57286111,-79.33611111
DAW,Skyhaven,Rochester,NH,USA,43.28406194,-70.92925472
DAY,James M Cox Dayton Intl,Dayton,OH,USA,39.90237583,-84.219375
DBN,W. H. \Bud\" Barron ",Dublin,GA,USA,32.56445806,-82.98525556
DBQ,Dubuque Municipal,Dubuque,IA,USA,42.40295944,-90.70916722
DCA,Ronald Reagan Washington National,Arlington,VA,USA,38.85208333,-77.03772222
DCK,Dahl Creek,Dahl Creek,AK,USA,66.94333806,-156.9046739
DCU,Pryor  Regional,Decatur,AL,USA,34.65264667,-86.94536778
DCY,Daviess County,Washington,IN,USA,38.70042333,-87.12973222
DDC,Dodge City Regional,Dodge City,KS,USA,37.76312194,-99.96542389
DDH,William H. Morse State,Bennington,VT,USA,42.8913325,-73.2464075
DEC,Decatur,Decatur,IL,USA,39.8345625,-88.86568917
DED,Deland Municipal-Taylor ,Deland,FL,USA,29.06698056,-81.28394167
DEE,Deering,Deering,AK,USA,66.06820583,-162.7666028
DEH,Decorah Municipal,Decorah,IA,USA,43.27550139,-91.73937389
DEN,Denver Intl,Denver,CO,USA,39.85840806,-104.6670019
DEQ,J Lynn Helms Sevier County,De Queen,AR,USA,34.04699556,-94.39936556
DET,Detroit City,Detroit,MI,USA,42.40919444,-83.00986111
DEW,Deer Park,Deer Park,WA,USA,47.96663889,-117.4266667
DFI,Defiance Memorial,Defiance,OH,USA,41.3375,-84.42880556
DFW,Dallas-Fort Worth International,Dallas-Fort Worth,TX,USA,32.89595056,-97.0372
DGW,Converse County,Douglas,WY,USA,42.79725,-105.3857361
DHN,Dothan ,Dothan,AL,USA,31.32133917,-85.44962889
DHT,Dalhart Municipal,Dalhart,TX,USA,36.022585,-102.5472775
DIK,Dickinson Municipal,Dickinson,ND,USA,46.79738889,-102.8019528
DKB,Dekalb-Taylor Municipal,Dekalb,IL,USA,41.93188111,-88.70829861
DKK,Dunkirk Municipal,Dunkirk,NY,USA,42.49333528,-79.27204167
DKX,Knoxville Downtown Island,Knoxville,TN,USA,35.96383361,-83.87365389
DLG,Dillingham,Dillingham,AK,USA,59.0454125,-158.5033389
DLH,Duluth International,Duluth,MN,USA,46.84209028,-92.19364861
DLL,Baraboo - Wisconsin Dells,Baraboo,WI,USA,43.52195389,-89.77090222
DLN,Dillon,Dillon,MT,USA,45.25536056,-112.5525067
DLO,Delano Municipal,Delano,CA,USA,35.74558056,-119.2365039
DLS,Columbia Gorge Regional,The Dalles,OR,USA,45.61854556,-121.1673439
DLZ,Delaware Municipal,Delaware,OH,USA,40.27970139,-83.11480167
DM2,Diomede Heliport,Diomede,AK,USA,65.75861111,-168.9530556
DMN,Deming Municipal,Deming,NM,USA,32.26230917,-107.7206397
DMO,Sedalia Memorial,Sedalia,MO,USA,38.70688889,-93.17611111
DMW,Carroll County,Westminster,MD,USA,39.60827778,-77.00766667
DNL,Daniel ,Augusta,GA,USA,33.46663667,-82.03933917
DNN,Dalton Municipal,Dalton,GA,USA,34.72174833,-84.86910806
DNS,Denison Municipal,Denison,IA,USA,41.9864325,-95.38072083
DNV,Vermilion County,Danville,IL,USA,40.19946861,-87.59553528
DOV,Dover Air Force Base,Dover,DE,USA,39.1301125,-75.46631028
DPA,Du Page,Chicago/West Chicago,IL,USA,41.90688333,-88.24841722
DPL,P B Raiford,Kenansville,NC,USA,35.00006444,-77.981695
DQH,Douglas Municipal,Douglas,GA,USA,31.47780833,-82.85961556
DRI,Beauregard Parish,De Ridder,LA,USA,30.83152778,-93.33963889
DRO,Durango-La Plata County,Durango,CO,USA,37.15151667,-107.7537692
DRT,Del Rio International,Del Rio,TX,USA,29.37181222,-100.9232339
DSM,Des Moines International,Des Moines,IA,USA,41.53493306,-93.66068222
DSV,Dansville Muni,Dansville,NY,USA,42.57089972,-77.71305083
DTA,Delta Municipal,Delta,UT,USA,39.38328861,-112.5096683
DTL,Detroit Lakes -Wething ,Detroit Lakes,MN,USA,46.82520861,-95.8856875
DTN,Shreveport Downtown,Shreveport,LA,USA,32.54021889,-93.7450225
DTO,Denton Municipal,Denton,TX,USA,33.20072167,-97.19797722
DTS,Destin-Ft. Walton Beach,Destin,FL,USA,30.40006111,-86.47147722
DTW,Detroit Metropolitan-Wayne County,Detroit,MI,USA,42.21205889,-83.34883583
DUA,Eaker ,Durant,OK,USA,33.942265,-96.39451806
DUC,Halliburton ,Duncan,OK,USA,34.470875,-97.95986111
LAS,Bisbee Douglas International,Douglas Bisbee,AZ,USA,31.46902778,-109.6036667
DUJ,Du Bois-Jefferson Cty,Du Bois,PA,USA,41.17826611,-78.89869778
DUT,Unalaska,Unalaska,AK,USA,53.90013889,-166.5435
DUX,Moore County,Dumas,TX,USA,35.85792833,-102.0130978
DUY,Kongiganak,Kongiganak,AK,USA,59.95950583,-162.8817231
DVK,Stuart Powell ,Danville,KY,USA,37.57791667,-84.76969444
DVL,Devils Lake Municipal-Knoke ,Devils Lake,ND,USA,48.11424528,-98.90877833
DVN,Davenport Municipal,Davenport,IA,USA,41.6102775,-90.58832528
DVO,Gnoss ,Novato,CA,USA,38.14351944,-122.5572167
DVT,Phoenix-Deer Valley,Phoenix,AZ,USA,33.68831667,-112.0825614
DWH,David Wayne Hooks Memorial,Houston,TX,USA,30.06186111,-95.55277778
DWU,Ashland-Boyd County,Ashland,KY,USA,38.5545,-82.738
DXE,Dexter Municipal,Dexter,MO,USA,36.77747,-89.94117333
DXR,Danbury Municipal,Danbury,CT,USA,41.37153528,-73.48219056
DXX,Madison-Lac Qui Parle County ,Madison,MN,USA,44.98624,-96.17773611
DYB,Summerville,Summerville,SC,USA,33.06344444,-80.27933333
DYL,Doylestown,Doylestown,PA,USA,40.33305028,-75.12233833
LAS,Dyersburg Municipal,Dyersburg,TN,USA,35.99850694,-89.40608333
LAS,Sky Harbor,Duluth,MN,USA,46.72186083,-92.04343889
LAS,Monahans-Roy Hurd Memorial,Monahans,TX,USA,31.58246583,-102.9090428
LAS,Eunice,Eunice,NM,USA,32.45679139,-103.2404708
LAS,Hatch Muni,Hatch,NM,USA,32.66106083,-107.1979339
LAS,Lea County-Zip Franklin Memorial,Lovington,NM,USA,32.95394444,-103.4087778
LAS,Lea County/Tatum ,Tatum,NM,USA,33.26122278,-103.2768939
LAS,Andrews County,Andrews,TX,USA,32.33111111,-102.5295278
LAS,Graham Municipal,Graham,TX,USA,33.11022222,-98.55527861
LAS,Gruver Municipal,Gruver,TX,USA,36.23372611,-101.4321894
LAS,Whiteriver,Whiteriver,AZ,USA,33.81255056,-109.9867658
LAS,Wickenburg Municipal,Wickenburg,AZ,USA,33.96891833,-112.7985128
LAS,Lea County,Jal,NM,USA,32.13107833,-103.1548506
E35,Fabens,Fabens,TX,USA,31.51567306,-106.1471978
E38,Alpine-Casparis Municipal,Alpine,TX,USA,30.38422222,-103.6835833
E42,Spearman Municipal,Spearman,TX,USA,36.221,-101.1945
E51,Bagdad,Bagdad,AZ,USA,34.59585278,-113.170195
E52,Oldham County,Vega,TX,USA,35.23199833,-102.3990931
E60,Eloy Municipal,Eloy,AZ,USA,32.80700583,-111.58679
E63,Gila Bend Municipal,Gila Bend,AZ,USA,32.95810083,-112.6782181
E80,Alexander Municipal,Belen,NM,USA,34.64519778,-106.8336958
E89,Conchas State Park,Conchas Dam,NM,USA,35.36671583,-104.1880314
E91,Chinle Municipal,Chinle,AZ,USA,36.11088056,-109.5754222
E94,Glenwood-Catron County,Glenwood,NM,USA,33.35283972,-108.8672858
E95,Benson Municipal,Benson,AZ,USA,31.99972222,-110.3572222
EAA,Eagle,Eagle,AK,USA,64.77639306,-141.1509206
EAN,Phifer Airfield,Wheatland,WY,USA,42.05552528,-104.9327492
EAR,Kearney Municipal,Kearney,NE,USA,40.72702778,-99.00677778
EAT,Pangborn Memorial,Wenatchee,WA,USA,47.39886111,-120.2068333
EAU,Chippewa Valley Regional,Eau Claire,WI,USA,44.86525722,-91.48507194
EBS,Webster City Municipal,Webster City,IA,USA,42.43663889,-93.86886111
ECG,Elizabeth City CG Air Station/Municipal,Elizabeth City,NC,USA,36.26057417,-76.17459778
ECS,Mondell ,Newcastle,WY,USA,43.88545056,-104.3179178
EDE,Edenton Municipal,Edenton,NC,USA,36.027735,-76.56709333
LAS,Enterprise Municipal,Enterprise,AL,USA,31.29972222,-85.89986111
LAS,Needles,Needles,CA,USA,34.76619444,-114.6232931
LAS,Eek,Eek,AK,USA,60.21590417,-162.0056092
LAS,Dillant-Hopkins,Keene,NH,USA,42.89839944,-72.27078111
LAS,Meeker,Meeker,CO,USA,40.04886222,-107.8859067
EET,Shelby County,Alabaster,AL,USA,33.17781083,-86.78323722
EFC,Belle Fourche Municipal,Belle Fourche,SD,USA,44.7342075,-103.8619925
EFD,Ellington ,Houston,TX,USA,29.60733333,-95.15875
EFK,Newport State,Newport,VT,USA,44.88879722,-72.22915833
EFT,Monroe Municipal,Monroe,WI,USA,42.61493972,-89.59075583
EFW,Jefferson Municipal,Jefferson,IA,USA,42.01016667,-94.34258333
EGE,Eagle County Regional,Eagle,CO,USA,39.64256778,-106.9176953
EGQ,Emmetsburg Municipal,Emmetsburg,IA,USA,43.10202056,-94.704675
EGT,Wellington Municipal,Wellington,KS,USA,37.32441028,-97.38732333
EGV,Eagle River Union,Eagle River,WI,USA,45.93179639,-89.26906778
EHA,Elkhart-Morton County,Elkhart,KS,USA,37.00188194,-101.8821258
EHO,Shelby Municipal,Shelby,NC,USA,35.25555556,-81.60099722
EHR,Henderson City-County,Henderson,KY,USA,37.8078425,-87.68569
EII,Egegik,Egegik,AK,USA,58.18837472,-157.3809872
EIW,County Memorial,New Madrid,MO,USA,36.53531083,-89.59971722
EKA,Murray ,Eureka,CA,USA,40.80338889,-124.1127917
EKM,Elkhart Municipal,Elkhart,IN,USA,41.71935833,-86.00168361
EKN,Elkins-Randolph Co-Jennings Randolph,Elkins,WV,USA,38.88944444,-79.85713889
EKO,Elko Regional,Elko,NV,USA,40.82492611,-115.7916964
EKQ,Wayne County,Monticello,KY,USA,36.85527778,-84.85613889
EKX,Elizabethtown,Elizabethtown,KY,USA,37.68694444,-85.92377778
EKY,Bessemer Municipal,Bessemer,AL,USA,33.31288444,-86.92591889
ELA,Eagle Lake Municipal,Eagle Lake,TX,USA,29.60301389,-96.32248444
ELD,South Arkansas Regional At Goodwin ,El Dorado,AR,USA,33.2208625,-92.81325167
ELI,Elim,Elim,AK,USA,64.61400972,-162.2700681
ELK,Elk City Municipal,Elk City,OK,USA,35.42941083,-99.39425917
ELM,Elmira/Corning Regional,Elmira,NY,USA,42.15991361,-76.89144333
ELN,Bowers ,Ellensburg,WA,USA,47.03302778,-120.5306944
ELO,Ely Municipal,Ely,MN,USA,47.82454639,-91.83073056
ELP,El Paso International,El Paso,TX,USA,31.80666667,-106.3778056
ELV,Elfin Cove SPB,Elfin Cove,AK,USA,58.19518417,-136.3473928
ELY,Ely Arpt (Yelland ),Ely,NV,USA,39.29969444,-114.8418889
ELZ,Wellsville Muni Tarantine,Wellsville,NY,USA,42.10951194,-77.99194806
EMM,Kemmerer Municipal,Kemmerer,WY,USA,41.82494611,-110.5590586
EMP,Emporia Municipal,Emporia,KS,USA,38.33211111,-96.19116667
EMT,El Monte,El Monte,CA,USA,34.08600889,-118.0348453
EMV,Emporia-Greensville Regional,Emporia,VA,USA,36.68691667,-77.48280556
ENA,Kenai Municipal,Kenai,AK,USA,60.572,-151.2475278
ENL,Centralia Municipal,Centralia,IL,USA,38.51479889,-89.09217944
ENM,Emmonak,Emmonak,AK,USA,62.78518639,-164.4910461
ENN,Nenana Municipal,Nenana,AK,USA,64.54898167,-149.0735053
ENV,Wendover,Wendover,UT,USA,40.71869528,-114.03089
ENW,Kenosha Regional,Kenosha,WI,USA,42.5957075,-87.92780333
EOK,Keokuk Municipal,Keokuk,IA,USA,40.45990778,-91.42850111
EOS,Neosho Memorial,Neosho,MO,USA,36.81080556,-94.39169444
EPH,Ephrata Muni,Ephrata,WA,USA,47.30758333,-119.5158889
EPM,Eastport Municipal,Eastport,ME,USA,44.91011111,-67.01269444
EQA,Captain Jack Thomas,El Dorado,KS,USA,37.77410833,-96.81762778
EQY,Monroe,Monroe,NC,USA,35.01884306,-80.62023444
ERI,Erie Intl,Erie,PA,USA,42.08202139,-80.17621556
ERV,Kerrville Muni/Louis Schreiner ,Kerrville,TX,USA,29.976735,-99.08567972
ERY,Luce County Hale,Newberry,MI,USA,46.31118694,-85.45731639
ESC,Delta County,Escanaba,MI,USA,45.72266972,-87.09373139
ESF,Esler Regional,Alexandria,LA,USA,31.3949025,-92.29577194
ESN,Easton /Newnam ,Easton,MD,USA,38.80416667,-76.069
EST,Estherville Municipal,Estherville,IA,USA,43.40744444,-94.74641667
ETB,West Bend Municipal,West Bend,WI,USA,43.42219444,-88.12792667
ETC,Edgecombe County,Tarboro,NC,USA,35.93710083,-77.54663833
ETH,Wheaton Municipal,Wheaton,MN,USA,45.78046056,-96.54353972
ETN,Eastland Municipal,Eastland,TX,USA,32.41349167,-98.80975667
EUF,Weedon ,Eufaula,AL,USA,31.95131917,-85.128925
EUG,Mahlon Sweet ,Eugene,OR,USA,44.12326,-123.2186856
EUL,Caldwell Industrial,Caldwell (Boise),ID,USA,43.64186111,-116.6357778
EVB,New Smyrna Beach Municipal,New Smyrna Beach,FL,USA,29.05580556,-80.94836111
EVM,Eveleth-Virginia Muni,Eveleth,MN,USA,47.42507778,-92.49846944
EVU,Maryville Memorial,Maryville,MO,USA,40.35260167,-94.91552722
EVV,Evansville Regional,Evansville,IN,USA,38.03799139,-87.53062667
EVW,Evanston-Uinta County Burns ,Evanston,WY,USA,41.27494528,-111.0321286
EVY,Summit Airpark,Middletown,DE,USA,39.52038889,-75.72044444
EWB,New Bedford Municipal,New Bedford,MA,USA,41.67614167,-70.95694167
EWK,Newton-City-County,Newton,KS,USA,38.05710528,-97.27522861
EWN,Craven County Regional,New Bern,NC,USA,35.07297222,-77.04294444
EWR,Newark Intl,Newark,NJ,USA,40.69249722,-74.16866056
EWU,Newtok,Newtok,AK,USA,60.93865417,-164.6412147
EXI,Excursion Inlet SPB,Excursion Inlet,AK,USA,58.42049861,-135.4490328
EXX,Davidson County,Lexington,NC,USA,35.78114028,-80.30378194
EYE,Eagle Creek Airpark,Indianapolis,IN,USA,39.83070944,-86.29438056
EYW,Key West International,Key West,FL,USA,24.55611111,-81.75955556
EZI,Kewanee Municipal,Kewanee,IL,USA,41.20520361,-89.96386
EZM,Eastman-Dodge County,Eastman,GA,USA,32.21425,-83.12802778
EZZ,Cameron Memorial,Cameron,MO,USA,39.72755972,-94.276375
F00,Jones ,Bonham,TX,USA,33.61172222,-96.17938889
F01,Quanah Municipal,Quanah,TX,USA,34.27708306,-99.75926861
F05,Vernon - Wilbarger County,Vernon,TX,USA,34.22566806,-99.28375
F06,Marian Airpark,Wellington,TX,USA,34.84561083,-100.1959481
F08,Eufaula Municipal,Eufaula,OK,USA,35.29593194,-95.62526417
F10,Henryetta Municipal,Henryetta,OK,USA,35.40687972,-96.01583278
F12,Rusk County,Henderson,TX,USA,32.14172222,-94.85172222
F17,Center Municipal,Center,TX,USA,31.83158333,-94.15641667
F18,Cleburne Municipal,Cleburne,TX,USA,32.35376389,-97.43375
F21,Memphis Municipal,Memphis,TX,USA,34.73958944,-100.5297008
F22,Perry Municipal,Perry,OK,USA,36.38559583,-97.27721083
F24,Minden-Webster,Minden,LA,USA,32.64601,-93.29808556
F28,El Reno Municipal,El Reno,OK,USA,35.47163639,-98.00599444
F29,Clarence E. Page Municipal,Oklahoma City,OK,USA,35.4880825,-97.82354556
F30,Sulphur Municipal,Sulphur,OK,USA,34.52453278,-96.98973944
F31,Lake Texoma State Park,Kingston,OK,USA,33.99287639,-96.64249722
F32,Healdton Municipal,Healdton,OK,USA,34.24925806,-97.47391306
F36,Cordell Municipal,Cordell,OK,USA,35.30421917,-98.96702167
F37,Wauchula Municipal,Wauchula,FL,USA,27.51364889,-81.88063917
F39,Grayson County,Sherman/Denison,TX,USA,33.71411111,-96.67366667
F41,Ennis Municipal,Ennis,TX,USA,32.32969444,-96.66388889
F44,Athens Jones Municipal,Athens,TX,USA,32.16384778,-95.82835306
F45,North Palm Beach County General Aviation,West Palm Beach,FL,USA,26.84537306,-80.22148111
F46,Rockwall Municipal,Rockwall,TX,USA,32.93059444,-96.43548556
F49,Slaton Municipal,Slaton,TX,USA,33.48481,-101.6607158
F51,Winnsboro Municipal,Winnsboro,TX,USA,32.93884556,-95.27886083
F53,Franklin County,Mount Vernon,TX,USA,33.21530583,-95.2374925
F55,Granbury Municipal,Granbury,TX,USA,32.44441583,-97.8169475
F56,Arledge ,Stamford,TX,USA,32.91019472,-99.73422972
F70,French Valley,Murieta/Temecula,CA,USA,33.57605556,-117.1279722
F80,Atoka Municipal,Atoka,OK,USA,34.39833889,-96.14805972
F81,Okemah Flying ,Okemah,OK,USA,35.42925306,-96.28778361